"","X","County","totpop","medage","totpoprace","totpopwhite","totpopeduc","bachdegree","medincome","perc.white","perc.bachdegree","year"
"1",1,"Adams",95850,38.6,95850,89435,65550,7172,25821,93.3072509128847,7.48252477829943,2005
"2",2,"Allegheny",1195503,41.4,1195503,995431,838165,167355,24309,83.2646174873672,13.9987101663484,2005
"3",3,"Armstrong",69501,42,0,0,49425,4598,19167,0,6.61573214773888,2005
"4",4,"Beaver",173086,42.8,173086,159484,122379,15326,22034,92.141478802445,8.85455784985499,2005
"5",5,"Berks",382917,38.4,382917,344187,256266,38063,25416,89.8855365523077,9.94027426309096,2005
"6",6,"Blair",122717,40.7,122717,119317,85603,9532,19844,97.2293977199573,7.76746498040206,2005
"7",7,"Bucks",612210,40,612210,557958,419393,90751,32167,91.1383348850884,14.8235082733049,2005
"8",8,"Butler",175561,39.4,175561,171141,119662,24124,25092,97.4823565598282,13.7410928395259,2005
"9",9,"Cambria",138963,43.9,138963,134100,99653,11023,19647,96.5005073292891,7.93232731014731,2005
"10",10,"Centre",124263,29.8,124263,114125,74156,15662,18304,91.8414974690777,12.603912669097,2005
"11",11,"Chester",458141,38.8,458141,405680,305340,84440,36232,88.5491584468537,18.4310070480485,2005
"12",12,"Clearfield",79001,41.4,0,0,55955,5241,19005,0,6.63409323932608,2005
"13",13,"Crawford",85445,40.1,85445,83217,58058,5879,19212,97.3924746913219,6.88044941190239,2005
"14",14,"Cumberland",208751,40.4,208751,196098,144603,31621,29374,93.9387116708423,15.1477118672485,2005
"15",15,"Dauphin",247379,39.3,247379,188541,169232,27700,27493,76.2154427012802,11.1973934731727,2005
"16",16,"Delaware",531609,39.8,531609,405050,355992,71197,29298,76.1932171953447,13.3927378957091,2005
"17",17,"Erie",266662,38.5,266662,242089,175803,28528,21599,90.7849637368654,10.6981872182763,2005
"18",18,"Fayette",141661,40.8,141661,134165,99769,7530,18200,94.7084942221218,5.31550673791658,2005
"19",19,"Franklin",134409,38.7,134409,127131,92629,8906,25180,94.5851840278553,6.62604438690862,2005
"20",20,"Indiana",83256,37.9,83256,80709,54824,6424,18114,96.9407610262324,7.71596041126165,2005
"21",21,"Lackawanna",201201,41.1,201201,193150,141317,21471,20973,95.9985288343497,10.6714181341047,2005
"22",22,"Lancaster",476155,37.1,476155,435861,312839,48541,26426,91.5376295534017,10.1943694805263,2005
"23",23,"Lawrence",89742,41.9,0,0,62839,7583,21010,0,8.44977825321477,2005
"24",24,"Lebanon",121054,39.9,121054,113485,84277,11206,26200,93.747418507443,9.25702579014324,2005
"25",25,"Lehigh",319993,39.1,319993,269254,219133,37296,26018,84.1437156437797,11.6552549587022,2005
"26",26,"Luzerne",299279,42.3,299279,285762,214150,28604,20535,95.4834786269668,9.55763685390555,2005
"27",27,"Lycoming",112735,40.5,112735,106194,77201,7948,21202,94.1978977247527,7.0501618840644,2005
"28",28,"Mercer",112981,42,0,0,78724,10206,21931,0,9.03337729352723,2005
"29",29,"Monroe",159175,37.6,159175,130538,105166,11478,24507,82.0091094707083,7.21093136485001,2005
"30",30,"Montgomery",753046,39.9,753046,638977,517403,126820,35162,84.8523197786058,16.8409366758472,2005
"31",31,"Northampton",276878,39.7,276878,245214,190866,31336,27871,88.5639162374764,11.3176200348168,2005
"32",32,"Northumberland",88726,42.5,88726,86699,63547,5640,20698,97.7154385411266,6.35664855848342,2005
"33",33,"Philadelphia",1406415,35.3,1406415,592159,905287,110110,20852,42.1041442248554,7.82912582701407,2005
"34",34,"Schuylkill",139811,42.6,139811,136527,100763,8639,21101,97.6511147191566,6.17905601132958,2005
"35",35,"Somerset",74617,42.5,0,0,53113,4961,20309,0,6.64861894742485,2005
"36",36,"Washington",200938,41.8,200938,191259,142087,22279,23463,95.1830913017946,11.0874996267505,2005
"37",37,"Westmoreland",358687,43.2,358687,344585,257831,36645,22740,96.0684384993044,10.2164282508148,2005
"38",38,"York",400670,39.5,400670,369116,274651,33720,25738,92.1246911423366,8.41590336186887,2005
"39",1,"Adams",101105,37.6,101105,93264,67776,7652,26072,92.2446961080065,7.56836951683893,2006
"40",2,"Allegheny",1223411,41.7,1223411,1012469,846948,164009,24140,82.7578794043866,13.4058791362837,2006
"41",3,"Armstrong",70096,43.1,0,0,50481,4886,21469,0,6.9704405386898,2006
"42",4,"Beaver",175736,43.3,175736,161360,124361,15752,22549,91.8195475030728,8.96344516775163,2006
"43",5,"Berks",401149,38.1,401149,340569,267392,38096,25306,84.8983794051587,9.49672066987578,2006
"44",6,"Blair",126494,40.4,126494,122538,88189,11029,20250,96.8725789365503,8.71899062406122,2006
"45",7,"Bucks",623205,40.2,623205,568408,424273,91633,32451,91.2072271563932,14.7035084763441,2006
"46",8,"Butler",182901,40.2,182901,178113,123458,23823,24600,97.3821903652796,13.0250791411747,2006
"47",9,"Cambria",146967,42.5,146967,139861,103773,10315,18859,95.164900964162,7.01858240285234,2006
"48",10,"Centre",140953,29.3,140953,126712,78781,15516,16513,89.8966322107369,11.0079246273581,2006
"49",11,"Chester",482112,38.2,482112,423030,317806,90401,34664,87.7451712465153,18.7510371034117,2006
"50",12,"Clearfield",82442,41.3,0,0,59220,4096,18356,0,4.968341379394,2006
"51",13,"Columbia",65014,38.3,65014,63052,43078,4670,18338,96.9821884517181,7.18306826222044,2006
"52",14,"Crawford",89389,39.3,89389,86123,60418,5904,18268,96.3463065925338,6.60483952164136,2006
"53",15,"Cumberland",226117,40,226117,210628,154448,29265,27272,93.1500064126094,12.9424147675761,2006
"54",16,"Dauphin",254176,39.9,254176,191946,176044,28441,26984,75.5169646229384,11.1894907465693,2006
"55",17,"Delaware",555996,38.8,555996,418865,362858,71471,28719,75.3359736400981,12.8545888819344,2006
"56",18,"Erie",279811,38.3,279811,251757,183586,25769,20639,89.9739466997366,9.20943065140398,2006
"57",19,"Fayette",145760,41.4,0,0,104248,10046,16730,0,6.89215148188804,2006
"58",20,"Franklin",139991,39.6,139991,132582,97660,9998,26041,94.7075169118015,7.14188769278025,2006
"59",21,"Indiana",88234,37.7,88234,84940,55915,5970,17252,96.2667452455969,6.76609923612213,2006
"60",22,"Lackawanna",209728,41.6,209728,200126,145278,20138,20766,95.4216890448581,9.60196063472688,2006
"61",23,"Lancaster",494486,37.5,494486,450731,325513,49725,26413,91.1514178358943,10.0558964257835,2006
"62",24,"Lawrence",91795,42.9,0,0,63837,7411,20591,0,8.07342447845743,2006
"63",25,"Lebanon",126883,39.9,126883,116114,88206,10514,25290,91.5126533893429,8.28637406114294,2006
"64",26,"Lehigh",335544,38.9,335544,273984,227821,34693,25132,81.6536728417138,10.3393295663162,2006
"65",27,"Luzerne",313020,42.3,313020,296635,221953,27885,21178,94.7655101910421,8.90837646156795,2006
"66",28,"Lycoming",117668,40.9,117668,109893,80098,10808,19604,93.3924261481456,9.18516504062277,2006
"67",29,"Mercer",118551,41,118551,109862,81507,10165,20022,92.6706649458883,8.5743688370406,2006
"68",30,"Monroe",165685,37.5,165685,134688,107596,18916,23242,81.2916075685789,11.416845218336,2006
"69",31,"Montgomery",775688,40.1,775688,656682,529661,136016,35023,84.6580068274873,17.5348851600128,2006
"70",32,"Northampton",291306,39.4,291306,255291,197839,31036,26673,87.6367119111862,10.6540888275559,2006
"71",33,"Northumberland",91654,42.5,91654,88358,66143,5535,20329,96.4038667161281,6.03901630043424,2006
"72",34,"Philadelphia",1448394,35.4,1448394,605796,922548,110680,20117,41.8253596742323,7.64156714264213,2006
"73",35,"Schuylkill",147405,42,147405,140684,107206,7969,20099,95.4404531732302,5.40619381974831,2006
"74",36,"Somerset",78508,42.2,0,0,56918,4475,17287,0,5.7000560452438,2006
"75",37,"Washington",206432,42.4,206432,195685,145764,22635,23730,94.7939272980933,10.9648697876298,2006
"76",38,"Westmoreland",366440,43.3,366440,351771,262642,41790,22698,95.9968889859186,11.4043226721974,2006
"77",39,"York",416322,39.4,416322,381658,286071,39851,27073,91.6737525280912,9.57215808917136,2006
"78",1,"Adams",100779,38.5,100779,94455,67707,9025,26019,93.7248831601822,8.95523869060022,2007
"79",2,"Allegheny",1219210,41.8,1219210,1007644,846362,165852,25327,82.6472879979659,13.6032348816037,2007
"80",3,"Armstrong",69059,43.4,0,0,50143,5456,20608,0,7.90049088460592,2007
"81",4,"Beaver",173074,43.8,173074,159176,122952,16573,22965,91.9699088251268,9.57567283358563,2007
"82",5,"Berks",401955,38.2,401955,340568,267685,38508,26385,84.7278924257691,9.58017688547225,2007
"83",6,"Blair",125527,41.5,125527,121467,88196,10107,22239,96.7656360782939,8.05165422578409,2007
"84",7,"Bucks",621144,40.5,621144,565748,423692,86139,32055,91.0816171451387,13.8677987712994,2007
"85",8,"Butler",181934,40,181934,176629,123331,23589,25659,97.0841074235712,12.9656908549254,2007
"86",9,"Cambria",144995,42.6,144995,137490,102189,11031,19512,94.8239594468775,7.6078485465016,2007
"87",10,"Centre",144658,28.9,144658,129771,80608,16558,17363,89.7088304829322,11.446307843327,2007
"88",11,"Chester",486345,38.3,486345,423545,321210,93216,38617,87.0873556837224,19.1666409647472,2007
"89",12,"Clearfield",81452,42.3,0,0,58386,5346,0,0,6.56337474831803,2007
"90",13,"Columbia",64726,38.2,64726,62775,42809,4490,19550,96.9857553378859,6.93693415319964,2007
"91",14,"Crawford",88663,40.2,88663,85621,60188,6711,20049,96.5690310501562,7.56911000078951,2007
"92",15,"Cumberland",228019,39.6,228019,210808,155518,31594,29019,92.4519447940742,13.8558628886189,2007
"93",16,"Dauphin",255710,39.1,255710,193468,175137,29449,28236,75.6591451253373,11.5165617300849,2007
"94",17,"Delaware",554399,38.9,554399,418850,361232,70268,29702,75.5502805740992,12.6746260364827,2007
"95",18,"Erie",279092,38.1,279092,252275,182312,26497,21763,90.3913404898743,9.49400197784243,2007
"96",19,"Fayette",144556,42.4,144556,136225,103425,9101,17955,94.2368355516201,6.29582998976175,2007
"97",20,"Franklin",141665,39.2,141665,133741,98050,8956,24431,94.4065224296756,6.32195672890269,2007
"98",21,"Indiana",87690,38.9,87690,84164,56031,7329,18503,95.9790169916752,8.35785152240848,2007
"99",22,"Lackawanna",209330,41.1,209330,198160,144787,20336,22097,94.6639277695505,9.71480437586586,2007
"100",23,"Lancaster",498465,37.4,498465,453647,328403,52301,27339,91.0087970068109,10.4924117039311,2007
"101",24,"Lawrence",90991,41.7,0,0,63252,8516,20244,0,9.35916739018145,2007
"102",25,"Lebanon",127889,39.6,127889,116911,88777,11079,26048,91.4159935569126,8.66298117899116,2007
"103",26,"Lehigh",337343,39.2,337343,275458,228764,36481,26137,81.6551699605446,10.8142157981639,2007
"104",27,"Luzerne",312265,41.9,312265,295071,220548,28721,22133,94.4937793220502,9.1976366227403,2007
"105",28,"Lycoming",116811,40.9,116811,108563,80128,10067,20740,92.9390211538297,8.61819520421878,2007
"106",29,"Mercer",116809,41.8,116809,107897,81116,9175,21085,92.3704509070363,7.8547029766542,2007
"107",30,"Monroe",164722,38.7,164722,133373,106665,15153,26975,80.968540935637,9.19913551316764,2007
"108",31,"Montgomery",776172,40.7,776172,651620,531856,129936,35558,83.9530413361987,16.7406193472581,2007
"109",32,"Northampton",293522,39.1,293522,256674,197381,30868,26957,87.4462561579711,10.5164178494287,2007
"110",33,"Northumberland",91003,42.6,91003,86977,65961,6798,19940,95.5759700229663,7.47008340384383,2007
"111",34,"Philadelphia",1449634,35.6,1449634,621131,927446,115031,20875,42.847435973494,7.93517536150504,2007
"112",35,"Schuylkill",147269,41.9,147269,140909,107362,10438,21801,95.6813721828762,7.08771024451853,2007
"113",36,"Somerset",77861,43,0,0,56388,5310,18904,0,6.81984562232697,2007
"114",37,"Washington",205553,42.2,205553,194264,145222,21541,23905,94.5079857749583,10.4795356915248,2007
"115",38,"Westmoreland",362326,43.5,362326,347460,261283,40549,23832,95.8970650739941,11.1913028598555,2007
"116",39,"York",421049,39.2,421049,382005,289310,44722,28681,90.7269700201164,10.621566611012,2007
"117",1,"Adams",101119,38.7,101119,93397,69165,8097,26869,92.3634529613624,8.00739722505167,2008
"118",2,"Allegheny",1215103,42,1215103,1003496,843648,174460,26606,82.585262319326,14.357630587695,2008
"119",3,"Armstrong",68790,44.2,0,0,50237,4532,22225,0,6.58816688472162,2008
"120",4,"Beaver",172476,43.9,172476,158598,123542,15570,23903,91.9536631183469,9.02734293466917,2008
"121",5,"Berks",403595,38.8,403595,349235,269524,41216,27326,86.5310521686344,10.2122176934799,2008
"122",6,"Blair",125174,41,125174,121330,88153,11196,21504,96.9290747279787,8.94434946554396,2008
"123",7,"Bucks",621643,41.6,621643,566186,427483,89128,35702,91.0789633278264,14.3374895237299,2008
"124",8,"Butler",182902,39.8,182902,177230,124025,25460,27026,96.8988857420914,13.9200227444205,2008
"125",9,"Cambria",144319,43.2,144319,136414,102052,10123,20871,94.522550738295,7.01432243848696,2008
"126",10,"Centre",144779,28.9,144779,130451,79699,16141,19766,90.1035371151894,11.1487163193557,2008
"127",11,"Chester",491489,38.7,491489,433537,326403,98920,40115,88.2088917554615,20.1265948983599,2008
"128",12,"Clearfield",82896,41.9,0,0,0,0,19291,0,0,2008
"129",13,"Columbia",65004,38.9,0,0,43794,4927,21221,0,7.5795335671651,2008
"130",14,"Crawford",88411,39.8,0,0,60791,7451,20962,0,8.42768433792175,2008
"131",15,"Cumberland",229361,40.1,229361,212717,157860,32922,29394,92.7433173032905,14.353791621069,2008
"132",16,"Dauphin",256562,39.7,256562,195973,176446,28639,30188,76.3842657915046,11.16260397097,2008
"133",17,"Delaware",553619,39.2,553619,413971,361632,76029,31751,74.7754322015682,13.7330908079383,2008
"134",18,"Erie",279175,38.6,279175,250875,183157,26912,21919,89.8629891645026,9.63983164681651,2008
"135",19,"Fayette",143925,41.4,0,0,103345,8421,18705,0,5.8509640437728,2008
"136",20,"Franklin",143495,39.8,143495,135405,100171,11845,28684,94.3621728980104,8.25464301892052,2008
"137",21,"Indiana",87479,37.5,87479,84208,55555,7969,20445,96.2608168817659,9.10961487899953,2008
"138",22,"Lackawanna",209408,41.7,209408,199073,144746,20904,22945,95.0646584657702,9.98242665036675,2008
"139",23,"Lancaster",502370,37.8,502370,456850,332572,51430,28402,90.9389493799391,10.2374743714792,2008
"140",24,"Lawrence",90272,42.2,0,0,62714,7686,20781,0,8.51426799007444,2008
"141",25,"Lebanon",128934,39.8,128934,117565,89871,11154,27712,91.1823103293158,8.65093768905021,2008
"142",26,"Lehigh",339989,40,339989,281416,230850,36876,27997,82.7720896852545,10.8462332604878,2008
"143",27,"Luzerne",311983,42.2,311983,292687,221086,29415,22221,93.8150476147739,9.42839834221737,2008
"144",28,"Lycoming",116670,40.5,116670,109138,79457,9160,21486,93.5441844518728,7.85120425130711,2008
"145",29,"Mercer",116652,41.8,116652,107803,80646,10648,21356,92.4141892123581,9.1280046634434,2008
"146",30,"Monroe",165058,38.8,165058,129646,109711,15366,25627,78.5457233214991,9.30945485829224,2008
"147",31,"Montgomery",778048,40.7,778048,650039,533727,136347,38317,83.5474160977215,17.524240149708,2008
"148",32,"Northampton",294787,39.6,294787,260695,198993,37685,29106,88.4350395370216,12.7838066129103,2008
"149",33,"Northumberland",91091,42.4,0,0,66180,5955,21938,0,6.53741862533071,2008
"150",34,"Philadelphia",1447395,35.7,1447395,614069,923393,110197,21650,42.425806362465,7.6134710980762,2008
"151",35,"Schuylkill",147254,41.8,147254,140048,107597,9231,23441,95.1064147663221,6.26876010159317,2008
"152",36,"Somerset",77454,43.5,0,0,56888,5895,20954,0,7.61096909133163,2008
"153",37,"Washington",206407,42.4,206407,195451,146047,26237,24890,94.6920404831232,12.7112937061243,2008
"154",38,"Westmoreland",361589,44.3,361589,346046,261949,41597,24481,95.7014732195946,11.5039450868251,2008
"155",39,"York",424583,39.5,424583,385776,294358,40462,29213,90.8599731972312,9.52982102439335,2008
"156",1,"Adams",102323,40.8,102323,94802,68998,6430,27795,92.6497463913294,6.28402216510462,2009
"157",2,"Allegheny",1218494,41.1,1218494,1006793,861127,173322,26029,82.6260121100309,14.2242801359711,2009
"158",3,"Armstrong",67851,44.6,0,0,48858,5096,22798,0,7.51057464149386,2009
"159",4,"Beaver",171673,43.8,171673,157984,122049,15536,23879,92.0261194247202,9.04976321261934,2009
"160",5,"Berks",407125,39.1,407125,343479,270503,39664,26857,84.3669634633098,9.74246238870126,2009
"161",6,"Blair",126122,42.1,126122,121932,89078,11181,22506,96.6778198886792,8.86522573381329,2009
"162",7,"Bucks",626015,41.6,626015,568762,429988,88455,33572,90.8543724990615,14.1298531185355,2009
"163",8,"Butler",184694,41.3,184694,179422,127480,23876,27707,97.1455488537798,12.9273284459701,2009
"164",9,"Cambria",143998,43.6,143998,136406,101478,12201,20531,94.7277045514521,8.47303434769927,2009
"165",10,"Centre",146212,27.4,146212,132422,77799,16909,20019,90.5684895904577,11.5647142505403,2009
"166",11,"Chester",498894,39.4,498894,438127,329571,95527,36390,87.8196570814642,19.1477548336921,2009
"167",12,"Clearfield",82324,42.4,0,0,59528,4993,20047,0,6.06506000680239,2009
"168",13,"Columbia",65111,39.7,0,0,41757,5605,20912,0,8.60837646480625,2009
"169",14,"Crawford",88521,41.5,88521,84852,60164,5949,20136,95.8552207950656,6.72043921781272,2009
"170",15,"Cumberland",232483,39.7,232483,214897,160292,32304,28912,92.4355759345845,13.8952095422031,2009
"171",16,"Dauphin",258934,39.2,258934,197653,177347,31420,28585,76.333351355944,12.1343662863896,2009
"172",17,"Delaware",558028,38.4,558028,418397,369518,71264,30234,74.9777788928154,12.7706853419542,2009
"173",18,"Erie",280291,38.5,280291,252371,186868,28680,21547,90.038923832731,10.2322229397305,2009
"174",19,"Fayette",142605,41.9,142605,134493,103015,9903,19560,94.3115599032292,6.94435678973388,2009
"175",20,"Franklin",144994,40.4,144994,136927,100327,11939,25265,94.4363215029587,8.23413382622729,2009
"176",21,"Indiana",87450,38.7,87450,84085,53907,5557,19116,96.1520869068039,6.35448827901658,2009
"177",22,"Lackawanna",208801,41.6,208801,197602,145791,23869,22951,94.6365199400386,11.4314586615964,2009
"178",23,"Lancaster",507766,37.8,507766,464018,334186,51944,26535,91.3842202904488,10.2299090525951,2009
"179",24,"Lawrence",90160,44,90160,84774,63229,8137,21484,94.0261756876664,9.02506654835847,2009
"180",25,"Lebanon",130506,40.6,130506,117613,90092,11555,26174,90.1207607313074,8.85399904985211,2009
"181",26,"Lehigh",343519,39.2,343519,283357,231918,39747,25719,82.4865582398645,11.5705390385976,2009
"182",27,"Luzerne",312845,42.3,312845,290235,221697,27230,22719,92.7727788521472,8.70399079416324,2009
"183",28,"Lycoming",116840,40.6,116840,108446,80755,9798,21220,92.8158165011982,8.38582677165354,2009
"184",29,"Mercer",116071,41.9,116071,107316,78885,10172,20909,92.4572029189031,8.76360158868279,2009
"185",30,"Monroe",166355,39.2,166355,134933,110352,18433,25133,81.111478464729,11.0805205734724,2009
"186",31,"Montgomery",782339,40.3,782339,657726,538512,136772,36977,84.0717387219607,17.4824468676622,2009
"187",32,"Northampton",298990,40.2,298990,262631,204245,34079,27138,87.8393926218268,11.3980400682297,2009
"188",33,"Northumberland",91311,43.1,0,0,65090,5947,20514,0,6.51290644062599,2009
"189",34,"Philadelphia",1547297,34.2,1547297,682914,1017423,133379,21841,44.1359351178216,8.62012916718639,2009
"190",35,"Schuylkill",146952,43.1,146952,140130,106946,8876,20989,95.3576678098971,6.04006750503566,2009
"191",36,"Somerset",76953,44.2,0,0,55688,4502,19853,0,5.85032422387691,2009
"192",37,"Washington",207389,43,207389,196430,146626,22601,23864,94.7157274493826,10.8978779009494,2009
"193",38,"Westmoreland",362251,44.6,362251,346113,261469,38775,24215,95.5450778603786,10.7039041990222,2009
"194",39,"York",428937,39.8,428937,383519,294651,41605,28330,89.4114986583111,9.69955960898687,2009
"195",1,"Adams",101485,41.7,101485,95237,68980,7567,26811,93.8434251367197,7.45627432625511,2010
"196",2,"Allegheny",1223583,41.4,1223583,998633,858156,181768,26123,81.6154686686559,14.8553878241198,2010
"197",3,"Armstrong",68839,44.6,68839,67303,49902,5054,22164,97.7687066924273,7.34176847426604,2010
"198",4,"Beaver",170567,44.3,170567,155157,122627,16117,24270,90.9654270755773,9.44907279837249,2010
"199",5,"Berks",411850,39.5,411850,347052,272584,41057,26006,84.2666019181741,9.96892072356441,2010
"200",6,"Blair",127031,41.8,127031,122234,88254,9575,22570,96.2237564059167,7.53753020916154,2010
"201",7,"Bucks",625472,42,625472,563100,435007,94314,32370,90.0280108462089,15.0788524506293,2010
"202",8,"Butler",184059,41.3,184059,177832,126279,23670,27415,96.6168456853509,12.860006845631,2010
"203",9,"Cambria",143498,43.7,143498,135124,101813,13067,22016,94.1643785976111,9.10605025854019,2010
"204",10,"Carbon",65220,43.3,0,0,46486,5027,22101,0,7.70775835633241,2010
"205",11,"Centre",154127,29.3,154127,137638,86787,17943,19925,89.3016797835551,11.6416980801547,2010
"206",12,"Chester",499797,39.3,499797,436212,331589,101537,38255,87.2778348009292,20.3156481531502,2010
"207",13,"Clearfield",81562,41.5,81562,77700,58045,5599,20239,95.2649518157966,6.86471641205463,2010
"208",14,"Columbia",67268,40.3,67268,64586,44094,5499,24056,96.0129630730808,8.17476363203901,2010
"209",15,"Crawford",88657,41.8,88657,85309,60475,7328,20346,96.2236484428754,8.26556278692038,2010
"210",16,"Cumberland",235861,40.2,235861,212930,159908,32662,30254,90.2777483348243,13.8479867379516,2010
"211",17,"Dauphin",268220,39.1,268220,199813,183201,29507,29017,74.4959361717993,11.0010439191708,2010
"212",18,"Delaware",559276,38.9,559276,408816,369773,75299,30241,73.0973615889114,13.4636565845844,2010
"213",19,"Erie",280686,38.6,280686,249120,183154,25878,21835,88.7539813172014,9.21955494752143,2010
"214",20,"Fayette",136446,43.3,136446,127173,97912,10282,19078,93.2039048414757,7.53558184190083,2010
"215",21,"Franklin",149834,40.2,149834,140087,101571,13139,26335,93.4948009130104,8.7690377350935,2010
"216",22,"Indiana",88847,39.2,88847,84309,56826,7640,20255,94.8923430166466,8.59905230339798,2010
"217",23,"Lackawanna",214367,42.8,214367,200252,149949,21919,21897,93.4154977211978,10.2249879878899,2010
"218",24,"Lancaster",520156,38.1,520156,468862,339596,52772,26101,90.1387276124855,10.1454179130876,2010
"219",25,"Lawrence",90968,43.8,90968,85091,64049,8290,20759,93.5394864128045,9.11309471462492,2010
"220",26,"Lebanon",133688,41,133688,120099,92320,12180,26293,89.8352881335647,9.11076536413141,2010
"221",27,"Lehigh",350106,39.3,350106,288037,236821,38855,25233,82.271369242458,11.0980674424317,2010
"222",28,"Luzerne",320795,42.6,320795,297026,226697,29846,22272,92.5905952399507,9.30376096884303,2010
"223",29,"Lycoming",116143,41.4,116143,107753,79107,9877,21271,92.7761466468061,8.50417158158477,2010
"224",30,"Mercer",116558,43.1,116558,107036,79996,10610,20943,91.8306765730366,9.10276428902349,2010
"225",31,"Monroe",169896,40,169896,135199,111277,19063,23109,79.577506239111,11.2203936525875,2010
"226",32,"Montgomery",801052,40.6,801052,658853,555690,147094,36633,82.2484682642325,18.3626031768225,2010
"227",33,"Northampton",298101,41,298101,259437,203806,33855,27794,87.0298992623306,11.356889108054,2010
"228",34,"Northumberland",94366,43.7,94366,90456,67517,6506,20812,95.8565585062417,6.89443231672424,2010
"229",35,"Philadelphia",1528306,33.5,1528306,634294,981413,125477,20743,41.5030759546845,8.21020136019881,2010
"230",36,"Schuylkill",148228,43.2,148228,140301,107713,9801,21681,94.6521574871144,6.61211107213212,2010
"231",37,"Somerset",77626,44.2,77626,74594,56777,4884,20976,96.0940921856079,6.29170638703527,2010
"232",38,"Washington",207875,43.3,207875,195619,146517,24441,24525,94.1041491280818,11.7575466025256,2010
"233",39,"Westmoreland",365012,45.3,365012,348232,265034,44564,24602,95.402890863862,12.2089136795503,2010
"234",40,"York",435490,40.2,435490,385017,297234,42017,28539,88.4100668212818,9.64821235849273,2010
"235",1,"Adams",101434,42,101434,93533,69580,8451,25565,92.2106985823294,8.33152591833113,2011
"236",2,"Allegheny",1227066,41.1,1227066,997533,865578,175197,26477,81.2941602163209,14.2777161130697,2011
"237",3,"Armstrong",68568,44.9,68568,67300,49981,4897,25112,98.1507408703769,7.14181542410454,2011
"238",4,"Beaver",170414,44.3,170414,155057,121954,17388,25193,90.9884164446583,10.2033870456653,2011
"239",5,"Berks",412778,39.6,412778,345850,273190,41917,26340,83.7859575849488,10.1548532140763,2011
"240",6,"Blair",127099,42.4,127099,122334,89065,10976,22467,96.2509539807552,8.63578785041582,2011
"241",7,"Bucks",626854,42.3,626854,560721,437857,94130,34423,89.4500154740976,15.0162557788576,2011
"242",8,"Butler",184848,41.6,184848,178447,127215,27821,28155,96.5371548515537,15.0507443953951,2011
"243",9,"Cambria",143728,43.9,143728,134522,101750,11841,21281,93.594845819882,8.23847823666926,2011
"244",10,"Carbon",65154,44.4,0,0,46429,5217,22183,0,8.00718298185837,2011
"245",11,"Centre",154722,29.1,154722,138082,85168,17970,20585,89.2452269231266,11.6143793384263,2011
"246",12,"Chester",503897,39.6,503897,441438,335337,93321,36895,87.6048081254701,18.5198562404618,2011
"247",13,"Clearfield",81445,44.1,81445,77686,59362,5665,21300,95.3846153846154,6.95561421818405,2011
"248",14,"Columbia",67476,40.1,67476,64466,43715,5038,21208,95.5391546623985,7.46635840891576,2011
"249",15,"Crawford",88740,41.9,88740,85004,60590,7579,19645,95.7899481631733,8.54068064007212,2011
"250",16,"Cumberland",237892,40.8,237892,215368,162955,32761,29836,90.5318379768971,13.7713752459099,2011
"251",17,"Dauphin",268977,39.7,268977,195405,184320,31221,28362,72.6474754347026,11.6073121493659,2011
"252",18,"Delaware",559494,38.8,559494,404391,371863,75489,31637,72.2779868953018,13.4923698913661,2011
"253",19,"Erie",280985,38.8,280985,248204,184434,27954,22241,88.3335409363489,9.94857376728295,2011
"254",20,"Fayette",136097,43.7,136097,126922,98763,9211,20004,93.2584847571952,6.76796696473839,2011
"255",21,"Franklin",150811,40.7,150811,140215,103864,12043,26305,92.9739873086181,7.98549177447268,2011
"256",22,"Indiana",89298,38.1,89298,84310,56643,8284,20328,94.414208604896,9.27680351183677,2011
"257",23,"Lackawanna",214166,41.6,214166,198909,149552,24299,22633,92.876086773811,11.3458718937647,2011
"258",24,"Lancaster",523594,38.2,523594,470337,343975,50038,25944,89.8285694641268,9.55664121437602,2011
"259",25,"Lawrence",90535,43.3,90535,84421,63986,8624,22862,93.2468106257249,9.5255978350914,2011
"260",26,"Lebanon",134311,40.6,134311,119571,92164,10697,26635,89.0254707358295,7.96435139340784,2011
"261",27,"Lehigh",352947,39,352947,291574,238951,37399,25399,82.6112702473743,10.5962084958932,2011
"262",28,"Luzerne",320651,42.7,320651,293922,226610,30038,23350,91.6641457534828,9.36781734658554,2011
"263",29,"Lycoming",116747,42.2,116747,107843,80444,9739,21932,92.3732515610679,8.34197024334672,2011
"264",30,"Mercer",116205,43.4,116205,106188,80659,11070,22125,91.3798889892862,9.52626823286434,2011
"265",31,"Monroe",169882,40.2,169882,134798,112483,14762,22118,79.3480180360486,8.68956098939264,2011
"266",32,"Montgomery",804210,40.7,804210,661113,560437,143907,37087,82.2065132241579,17.8942067370463,2011
"267",33,"Northampton",298476,41.6,298476,261914,204521,34233,26335,87.7504388962597,11.4692638604109,2011
"268",34,"Northumberland",94558,42.9,94558,88547,68205,6989,22930,93.643055056156,7.39123077899279,2011
"269",35,"Philadelphia",1536471,33.4,1536471,643228,992547,137486,20648,41.8639857179211,8.94816758663196,2011
"270",36,"Schuylkill",147513,43.9,147513,139772,108149,11091,25225,94.7523269135602,7.5186593723943,2011
"271",37,"Somerset",77405,45.1,77405,74500,56962,5005,20604,96.2470124668949,6.46599056908468,2011
"272",38,"Washington",208282,43.9,208282,196413,146951,25016,26198,94.3014758836577,12.0106394215535,2011
"273",39,"Westmoreland",364471,45.5,364471,346928,265731,44949,24457,95.1867226747807,12.3326684427568,2011
"274",40,"York",436770,40.3,436770,383691,299195,42789,27984,87.8473796277217,9.79668933305859,2011
"275",1,"Adams",101482,42.3,101482,93732,69168,8638,26292,92.3631777063913,8.51185431899253,2012
"276",2,"Allegheny",1229338,41,1229338,997613,871384,188026,28405,81.1504240493664,15.2948985551573,2012
"277",3,"Armstrong",68409,45.5,0,0,50003,5822,23179,0,8.51057609378883,2012
"278",4,"Beaver",170245,44.8,170245,154812,122708,17924,26419,90.9348292167171,10.528356192546,2012
"279",5,"Berks",413491,39.7,413491,355172,274513,38661,26013,85.8959445308362,9.34990120703957,2012
"280",6,"Blair",127121,42.6,127121,122217,89086,9900,22338,96.142258163482,7.78785566507501,2012
"281",7,"Bucks",627053,42.5,627053,560904,439920,100003,34349,89.4508119728316,15.9480937018083,2012
"282",8,"Butler",184970,42.3,184970,178451,127213,25011,27465,96.4756446991404,13.5216521598097,2012
"283",9,"Cambria",141584,44.1,141584,132895,100802,12446,21986,93.8630071194485,8.79054130410216,2012
"284",10,"Carbon",65006,45.5,0,0,47830,3888,25319,0,5.98098637048888,2012
"285",11,"Centre",155171,29.3,155171,137936,87461,17811,22307,88.8928988019669,11.4783045801084,2012
"286",12,"Chester",506575,40,506575,439939,338468,101219,37252,86.8457780190495,19.9810492029808,2012
"287",13,"Clearfield",81184,43.5,81184,77287,58603,5186,21430,95.1997930626724,6.38795821836815,2012
"288",14,"Columbia",66887,40.4,0,0,43576,5961,24912,0,8.91204568899786,2012
"289",15,"Crawford",87598,42.3,87598,84032,59566,7252,21219,95.9291308020731,8.27872782483618,2012
"290",16,"Cumberland",238614,41.3,238614,214171,165316,31784,29158,89.7562590627541,13.3202578222569,2012
"291",17,"Dauphin",269665,39.7,269665,195620,185433,31840,29571,72.5418574898485,11.8072423191738,2012
"292",18,"Delaware",561098,39.1,561098,402719,373658,76640,31106,71.7733800512566,13.6589330206132,2012
"293",19,"Erie",280646,38.5,280646,245770,185586,30515,23193,87.5729566785203,10.8731284251334,2012
"294",20,"Fayette",135660,44.1,135660,126083,97956,9124,21685,92.9404393336282,6.72563762347044,2012
"295",21,"Franklin",151275,39.8,151275,140927,103491,13377,27573,93.1594777722691,8.8428358948934,2012
"296",22,"Indiana",88218,39.2,88218,83344,56471,7223,19847,94.4750504432202,8.18767145027092,2012
"297",23,"Lackawanna",214477,42,214477,200007,149136,23441,23230,93.2533558376889,10.9293770427598,2012
"298",24,"Lancaster",526823,38.5,526823,466457,347124,57404,27633,88.5415025539887,10.8962592749367,2012
"299",25,"Lawrence",89871,44.4,89871,84227,63967,9189,24067,93.7198873941538,10.2246553393197,2012
"300",26,"Lebanon",135251,41,135251,119399,92821,10727,27088,88.2795690974558,7.93117980643396,2012
"301",27,"Lehigh",355245,39.6,355245,284205,241563,42503,26502,80.0025334628214,11.9644189221523,2012
"302",28,"Luzerne",321027,43.1,321027,290631,227003,28816,23090,90.5316375258156,8.97619203369187,2012
"303",29,"Lycoming",117168,41.3,117168,107783,80310,9673,24758,91.9901338249351,8.25566707633484,2012
"304",30,"Mercer",115655,43.4,115655,105881,80369,11164,21655,91.5490035017941,9.65284682893087,2012
"305",31,"Monroe",168798,41.2,168798,134373,113419,14982,25054,79.6058010165997,8.87569757935521,2012
"306",32,"Montgomery",808460,41,808460,660078,564697,147752,37177,81.6463399549761,18.2757341117681,2012
"307",33,"Northampton",299267,41.6,299267,259233,204478,31868,27405,86.622648003288,10.6486849535699,2012
"308",34,"Northumberland",94428,43.8,94428,89254,68537,6903,22717,94.5206930147837,7.31033168128098,2012
"309",35,"Philadelphia",1547607,33.6,1547607,637549,1004571,140936,21038,41.1957945395698,9.10670473834766,2012
"310",36,"Schuylkill",147063,43.7,147063,139224,107830,9050,23625,94.6696313824687,6.15382523136343,2012
"311",37,"Somerset",76957,45.2,76957,73818,57008,5115,21809,95.9210987954312,6.64656886313136,2012
"312",38,"Washington",208716,44,208716,196349,148353,25408,27464,94.0747235477874,12.1734797523908,2012
"313",39,"Westmoreland",363395,45.7,363395,345272,264558,44938,25815,95.0128647890037,12.3661580373973,2012
"314",40,"York",437846,40.6,437846,390175,300874,42079,28679,89.112381979052,9.61045664457366,2012
"315",1,"Adams",101546,42.6,101546,93557,69710,9485,26889,92.1326295472003,9.34059441041498,2013
"316",2,"Allegheny",1231527,40.8,1231527,999483,878367,199871,28839,81.1580257680099,16.229526433444,2013
"317",3,"Armstrong",68107,45.7,0,0,49657,5104,22995,0,7.49409018162597,2013
"318",4,"Beaver",170115,45,170115,155039,122624,21289,26470,91.1377597507568,12.5144755018664,2013
"319",5,"Berks",413521,39.9,413521,342426,276946,39593,27801,82.8074027679368,9.57460443363215,2013
"320",6,"Blair",126314,43.1,0,0,88463,12498,22596,0,9.89439017052742,2013
"321",7,"Bucks",626976,42.6,626976,558137,441722,101025,34287,89.0204728729648,16.1130569591181,2013
"322",8,"Butler",185476,43,185476,178509,129688,27267,29204,96.2437188638961,14.7010934029201,2013
"323",9,"Cambria",140499,44.4,140499,131551,100487,11808,22878,93.6312713969494,8.40433027993082,2013
"324",10,"Carbon",64786,45,64786,62093,46896,4396,22593,95.843237736548,6.78541660235236,2013
"325",11,"Centre",155403,30.2,155403,138848,88524,18590,23619,89.347052502204,11.9624460274255,2013
"326",12,"Chester",509468,40.3,509468,442682,342835,100511,36968,86.8910314288631,19.7286188730205,2013
"327",13,"Clearfield",81174,43.4,81174,77409,59199,6482,20681,95.3618153595979,7.98531549510927,2013
"328",14,"Columbia",66797,39.7,0,0,43880,5854,23213,0,8.7638666407174,2013
"329",15,"Crawford",87376,42.4,87376,83856,59968,6966,22325,95.9714338033327,7.97244094488189,2013
"330",16,"Cumberland",241212,40.8,241212,217130,167271,32612,30127,90.0162512644479,13.5200570452548,2013
"331",17,"Dauphin",270937,39.2,270937,194691,186352,32730,30513,71.8584025068558,12.0802991101252,2013
"332",18,"Delaware",561973,38.7,561973,397293,376182,80649,31603,70.6961010582359,14.3510453349182,2013
"333",19,"Erie",280294,38.7,280294,246992,188007,33614,22950,88.1189037225199,11.9924079716298,2013
"334",20,"Fayette",134999,44.1,0,0,97779,9366,21001,0,6.93782916910496,2013
"335",21,"Franklin",152085,41,152085,141912,104821,12270,30505,93.3109774139461,8.06785679061051,2013
"336",22,"Indiana",87745,39.8,87745,83133,56320,7700,21485,94.7438600490056,8.77542879936179,2013
"337",23,"Lackawanna",213931,42,213931,199502,149643,24751,23614,93.2553019431499,11.5696182413956,2013
"338",24,"Lancaster",529600,38.7,529600,467534,350457,60413,27532,88.2805891238671,11.4072885196375,2013
"339",25,"Lawrence",89333,44.7,0,0,63921,7626,23480,0,8.53659901716051,2013
"340",26,"Lebanon",135486,41.5,135486,118941,92737,11403,28452,87.7884061821886,8.41636774279261,2013
"341",27,"Lehigh",355092,40,355092,278577,242124,42865,27268,78.4520631273022,12.0715194935397,2013
"342",28,"Luzerne",320103,43,320103,287688,226709,32049,24435,89.8735719440305,10.0120898585768,2013
"343",29,"Lycoming",116754,40.5,116754,107718,80652,9498,22298,92.2606505986947,8.13505318875585,2013
"344",30,"Mercer",115195,43.9,115195,105171,80250,10086,22995,91.2982334302704,8.75558835018881,2013
"345",31,"Monroe",167148,42,167148,129382,111564,16241,25686,77.4056524756503,9.71653863641802,2013
"346",32,"Montgomery",812376,41.2,812376,658855,567631,146908,37003,81.1022236008942,18.0837444730026,2013
"347",33,"Northampton",299791,41.6,299791,255929,207455,36786,28973,85.3691405012158,12.2705484821092,2013
"348",34,"Northumberland",94076,43.8,94076,89837,68014,6180,23651,95.4940686253667,6.56915685190697,2013
"349",35,"Philadelphia",1553165,33.7,1553165,646435,1023920,151612,21944,41.6204975002656,9.76148702810069,2013
"350",36,"Schuylkill",146920,43.8,146920,138620,106757,10448,24293,94.350667029676,7.11135311734277,2013
"351",37,"Somerset",76520,45.5,76520,73228,56934,6216,22556,95.697856769472,8.12336644014637,2013
"352",38,"Washington",208206,44.3,208206,195736,148289,26309,27352,94.0107393638992,12.636043149573,2013
"353",39,"Westmoreland",362437,46.1,362437,343870,264154,45112,26812,94.8771786544972,12.4468528323543,2013
"354",40,"York",438965,40.8,438965,391637,302075,43657,28152,89.2182748055084,9.94543984144522,2013
"355",1,"Adams",101714,43.4,101714,93140,70914,9065,28782,91.570481939556,8.91224413551723,2014
"356",2,"Allegheny",1231255,41,1231255,991681,882507,196736,29585,80.5422922140418,15.9784934883513,2014
"357",3,"Armstrong",67785,45.6,0,0,49328,4696,25092,0,6.92778638341816,2014
"358",4,"Beaver",169392,44.9,169392,153447,122786,18922,26698,90.5869226409748,11.1705393407009,2014
"359",5,"Berks",413691,40.1,413691,338562,278679,42790,27220,81.839343858097,10.3434689176221,2014
"360",6,"Blair",125955,43.1,125955,120874,89091,11513,23015,95.9660196101783,9.14056607518558,2014
"361",7,"Bucks",626685,43.5,626685,557246,442281,100079,36683,88.9196326703208,15.9695859961544,2014
"362",8,"Butler",185943,43,185943,179091,130511,28449,31250,96.3149997579903,15.2998499540182,2014
"363",9,"Cambria",137732,44.9,137732,129271,98582,12043,23239,93.8569105218831,8.74379229227776,2014
"364",10,"Carbon",64441,44.9,0,0,46796,3934,25256,0,6.10480905013889,2014
"365",11,"Centre",158742,30.5,158742,139355,93236,19297,23712,87.7871010822593,12.1562031472452,2014
"366",12,"Chester",512784,40.6,512784,438415,346408,100481,39118,85.497012387282,19.5951901775406,2014
"367",13,"Clearfield",81191,44.1,81191,77095,59738,4654,20795,94.9551058614871,5.73216243179663,2014
"368",14,"Columbia",67122,39.9,67122,63360,44096,6612,23954,94.3952802359882,9.85071958523286,2014
"369",15,"Crawford",87175,42.5,87175,83495,60135,7528,23076,95.7786062517924,8.63550329796387,2014
"370",16,"Cumberland",243762,40.7,243762,217479,169787,34779,31462,89.2177615871219,14.2676052871243,2014
"371",17,"Dauphin",271453,39.8,271453,198849,187787,32339,30482,73.2535650738802,11.9132962243924,2014
"372",18,"Delaware",562960,38.7,562960,399246,378633,78512,31389,70.9190706266875,13.9462839278101,2014
"373",19,"Erie",278443,39.4,278443,242549,187939,33816,24007,87.1090312918623,12.1446759300826,2014
"374",20,"Fayette",134086,44.7,0,0,97486,8976,22022,0,6.69421117790075,2014
"375",21,"Franklin",152892,41.2,152892,142493,104971,11579,26508,93.1984668916621,7.573319728959,2014
"376",22,"Indiana",87706,38.7,87706,82409,56758,8083,21889,93.9605044124689,9.21601714819967,2014
"377",23,"Lackawanna",212719,42.7,212719,197218,149426,24427,24309,92.7129217418284,11.4832243476135,2014
"378",24,"Lancaster",533320,38.5,533320,468111,355076,59681,29235,87.7730068251706,11.1904672616815,2014
"379",25,"Lawrence",88771,44.9,0,0,63097,7549,24185,0,8.50390330175395,2014
"380",26,"Lebanon",136359,41.8,136359,119918,93096,12520,29536,87.9428567237953,9.18164550928065,2014
"381",27,"Lehigh",357823,39.8,357823,275619,243951,43165,27723,77.0266304849045,12.0632267908994,2014
"382",28,"Luzerne",318829,42.7,318829,286830,226539,31209,24910,89.9635854956732,9.78863277807226,2014
"383",29,"Lycoming",116508,42.1,116508,106037,81168,10836,23585,91.0126343255399,9.30064888248017,2014
"384",30,"Mercer",114884,44.6,114884,104691,80408,11467,22150,91.1275721597437,9.98137251488458,2014
"385",31,"Monroe",166314,42.6,166314,131762,112312,16735,25131,79.2248397609341,10.0622918094688,2014
"386",32,"Montgomery",816857,41.3,816857,655005,571571,148935,37622,80.1860056288922,18.232689442583,2014
"387",33,"Northampton",300654,41.7,300654,259243,207999,36780,29474,86.2263598688193,12.2333313376838,2014
"388",34,"Northumberland",93944,44,0,0,68173,5765,22451,0,6.13663459082006,2014
"389",35,"Philadelphia",1560297,33.8,1560297,664708,1036541,157342,22496,42.6013765328011,10.0841057824248,2014
"390",36,"Schuylkill",145797,44.1,145797,136964,107089,10931,24584,93.9415763012956,7.49741078348663,2014
"391",37,"Somerset",76218,45.6,76218,72693,56554,5372,22267,95.3751082421475,7.04820383636411,2014
"392",38,"Washington",208187,44.3,208187,194476,148576,26369,28723,93.4140940596675,12.6660166100669,2014
"393",39,"Westmoreland",359320,46.2,359320,341629,263386,44968,27972,95.0765334520761,12.514750083491,2014
"394",40,"York",440755,41.3,440755,391891,304198,47045,29528,88.9135687626913,10.6737303036835,2014
"395",1,"Adams",102295,43.4,102295,94195,71589,8933,28203,92.0817244244587,8.73258712547045,2015
"396",2,"Allegheny",1230459,41,1230459,990127,885217,202822,30320,80.4681017408951,16.4834423576893,2015
"397",3,"Armstrong",67052,46.1,0,0,49257,5315,24924,0,7.92668376782199,2015
"398",4,"Beaver",168871,44.9,168871,153439,123071,17728,26504,90.8616636367405,10.4979540596076,2015
"399",5,"Berks",415271,39.6,415271,347572,280020,44453,27672,83.6976335934847,10.7045760479301,2015
"400",6,"Blair",125593,43.3,125593,119179,89411,12835,24761,94.8930274776461,10.2195186037438,2015
"401",7,"Bucks",627367,43.8,627367,551840,444017,103707,37717,87.961273066642,16.5305156312015,2015
"402",8,"Butler",186818,43,186818,179365,131759,28718,31815,96.0105557280348,15.3721804108812,2015
"403",9,"Cambria",136411,45.1,136411,127879,97536,12584,24415,93.7453724406389,9.22506249496008,2015
"404",10,"Carbon",63960,45.6,63960,61555,46695,4394,26787,96.239837398374,6.86991869918699,2015
"405",11,"Centre",160580,31.2,160580,140405,96414,22613,25090,87.4361688877818,14.0820774691742,2015
"406",12,"Chester",515939,40.3,515939,442708,349154,107748,40903,85.8062677952239,20.8838641777419,2015
"407",13,"Clearfield",80994,44.4,80994,76816,59088,4864,22259,94.8415932044349,6.00538311479863,2015
"408",14,"Columbia",66672,40.1,66672,63739,43641,5477,23099,95.6008519318455,8.21484281257499,2015
"409",15,"Crawford",86484,43.3,86484,82369,60053,7526,24212,95.2418944544656,8.70218768789603,2015
"410",16,"Cumberland",246338,41,246338,218722,170778,36473,32780,88.7893869398956,14.8060794518101,2015
"411",17,"Dauphin",272983,40.1,272983,196987,186648,34246,30907,72.1609037925439,12.5451035412462,2015
"412",18,"Delaware",563894,39.4,563894,392395,380278,80140,32426,69.5866599041664,14.2118908872944,2015
"413",19,"Erie",278045,39.4,278045,242365,187773,33029,26004,87.1675448218814,11.8790123900807,2015
"414",20,"Fayette",133628,45,0,0,97672,10203,22109,0,7.63537581943904,2015
"415",21,"Franklin",153638,41.3,153638,142091,106517,13226,30101,92.4842812325076,8.60854736458428,2015
"416",22,"Indiana",86966,39.8,86966,82048,55819,6149,22036,94.344916404112,7.07057930685555,2015
"417",23,"Lackawanna",211917,43.1,211917,195536,149286,25431,26081,92.2700868736345,12.0004530075454,2015
"418",24,"Lancaster",536624,38.8,536624,474069,358036,58019,29526,88.3428620412058,10.8118533647396,2015
"419",25,"Lawrence",88082,44.6,88082,81824,62917,8411,23056,92.8952566926273,9.54905656093186,2015
"420",26,"Lebanon",137067,41.5,137067,120264,93143,9763,28257,87.7410317581912,7.12279396207694,2015
"421",27,"Lehigh",360685,39.6,360685,284731,245487,42582,29207,78.9417358637038,11.8058693874156,2015
"422",28,"Luzerne",318449,42.8,318449,281103,227086,29931,26705,88.2725334354952,9.39899324538623,2015
"423",29,"Lycoming",116048,41.5,116048,106598,81534,12270,25528,91.8568178684682,10.5732110850682,2015
"424",30,"Mercer",114234,44.5,114234,104725,79896,11917,23394,91.6758583258925,10.4320955232243,2015
"425",31,"Monroe",166397,41.9,166397,126199,113149,19572,25887,75.8421125380866,11.7622312902276,2015
"426",32,"Montgomery",819264,41.2,819264,649239,574533,155712,40224,79.2466164752754,19.0063276306539,2015
"427",33,"Northampton",300813,42.2,300813,259696,208973,37072,29928,86.3313753062534,12.3239354682145,2015
"428",34,"Northumberland",93246,44.5,93246,88658,68186,6174,24558,95.0796817021642,6.62119554726208,2015
"429",35,"Philadelphia",1567442,34.1,1567442,657151,1050747,173106,23688,41.9250600660184,11.0438536162742,2015
"430",36,"Schuylkill",144590,44.2,144590,135259,106305,10814,25414,93.5465799847846,7.47907877446573,2015
"431",37,"Somerset",75522,45.7,75522,71988,56099,5534,22910,95.3205688408676,7.32766611053733,2015
"432",38,"Washington",208261,44.2,208261,195323,148540,29348,29296,93.787603055781,14.0919327190401,2015
"433",39,"Westmoreland",357956,46.8,357956,338957,262221,45862,27680,94.6923644246779,12.8121892076121,2015
"434",40,"York",442867,40.9,442867,394840,307046,46559,29667,89.1554349274161,10.5130885796413,2015
"435",1,"Adams",102180,44.2,102180,94434,71649,8730,28464,92.4192601291838,8.54374633000587,2016
"436",2,"Allegheny",1225365,40.6,1225365,982979,883649,219225,31154,80.2192816018084,17.8905877024397,2016
"437",3,"Armstrong",66486,46.5,0,0,49294,5119,25016,0,7.69936527990855,2016
"438",4,"Beaver",167429,44.9,167429,151718,122808,21747,30085,90.6163209479839,12.9887892778431,2016
"439",5,"Berks",414812,40.1,414812,343554,280522,45234,29456,82.8216155752485,10.9046989961718,2016
"440",6,"Blair",124650,43.8,124650,119127,89160,11654,25271,95.5691937424789,9.34937825912555,2016
"441",7,"Bucks",626399,43.7,626399,551410,445411,106851,36610,88.0285568782837,17.0579774233356,2016
"442",8,"Butler",186847,43.3,186847,179023,132863,30336,33678,95.8126167398995,16.2357436833345,2016
"443",9,"Cambria",134732,45.1,134732,126107,96044,12968,24922,93.598402755099,9.6250333996378,2016
"444",10,"Carbon",63594,46.2,0,0,47157,5329,29072,0,8.37972135736076,2016
"445",11,"Centre",161464,31.7,161464,142112,99337,26310,25482,88.0146658078581,16.2946539166625,2016
"446",12,"Chester",516312,40.3,516312,440376,349419,109120,40405,85.2926137684191,21.1345078169789,2016
"447",13,"Clearfield",80596,44.8,80596,76391,59403,5199,22306,94.782619484838,6.45069234205171,2016
"448",14,"Columbia",66420,40.6,66420,62704,43741,5973,25729,94.4052996085516,8.99277326106594,2016
"449",15,"Crawford",86257,42.7,86257,82613,59971,7545,25268,95.775415328611,8.74711617607846,2016
"450",16,"Cumberland",248506,40.2,248506,218262,174144,39732,33440,87.8296701085688,15.9883463578344,2016
"451",17,"Dauphin",273707,39.6,273707,193791,189682,38404,32636,70.8023543424173,14.0310624134567,2016
"452",18,"Delaware",563402,39,563402,389846,380990,84121,33813,69.1949975328451,14.9309019137312,2016
"453",19,"Erie",276207,39.2,276207,241733,188454,34587,25588,87.5187812039521,12.5221301415243,2016
"454",20,"Fayette",132733,44.8,132733,122730,97293,11190,22798,92.4638183420852,8.43045813776529,2016
"455",21,"Franklin",153851,41.8,153851,142799,106597,13925,31223,92.8164262825721,9.05096489460582,2016
"456",22,"Indiana",86364,39.7,86364,81885,56494,7167,21266,94.8138113102682,8.29859663748784,2016
"457",23,"Lackawanna",211321,41.7,211321,193832,149504,25077,25954,91.723964963255,11.8667808689151,2016
"458",24,"Lancaster",538500,38.2,538500,481798,360762,58556,30177,89.4703806870938,10.8739090064995,2016
"459",25,"Lawrence",87294,45,87294,81410,62570,9014,25535,93.2595596490022,10.3260246981465,2016
"460",26,"Lebanon",138863,41.2,138863,120894,94270,12637,28036,87.059907966845,9.10033630268682,2016
"461",27,"Lehigh",363147,39,363147,286600,247963,45139,30974,78.9212082159566,12.4299526087232,2016
"462",28,"Luzerne",316383,43.1,316383,285321,226048,33130,26160,90.1821526441054,10.4714855096513,2016
"463",29,"Lycoming",115248,40.6,115248,106461,80588,11087,25525,92.3755726780508,9.62012355962793,2016
"464",30,"Mercer",112913,45.1,112913,103190,79823,10153,24807,91.3889454712921,8.99187870307228,2016
"465",31,"Monroe",166098,41.9,166098,124741,113148,18361,28541,75.100844080001,11.0543173307325,2016
"466",32,"Montgomery",821725,41.4,821725,654626,576833,158426,40175,79.6648513797195,19.279686026347,2016
"467",33,"Northampton",302294,41.6,302294,262942,211011,39593,30651,86.9822093723329,13.0975143403442,2016
"468",34,"Northumberland",92541,44.7,92541,87742,67758,7897,25582,94.8141904669282,8.53351487448806,2016
"469",35,"Philadelphia",1567872,34.1,1567872,634111,1057805,178859,24659,40.4440541064577,11.4077552249163,2016
"470",36,"Schuylkill",143573,44.4,143573,133893,105640,10268,27005,93.2577852381715,7.15176251802219,2016
"471",37,"Somerset",75061,45.7,75061,71676,55951,6062,24784,95.4903345279173,8.07609810687308,2016
"472",38,"Washington",207981,44.6,207981,194397,149408,29940,30029,93.4686341540814,14.3955457469673,2016
"473",39,"Westmoreland",355458,46.7,355458,336698,261528,46507,29690,94.7223019315925,13.0836835856838,2016
"474",40,"York",443744,41.2,443744,391834,308230,48456,31088,88.3018136583255,10.9198096199611,2016
"475",1,"Adams",102336,43.7,102336,94224,72118,9951,31103,92.0731707317073,9.72385084427767,2017
"476",2,"Allegheny",1223048,41,1223048,974521,884094,210333,32438,79.6797018596163,17.1974444175535,2017
"477",3,"Armstrong",65642,46.4,0,0,48197,5096,26336,0,7.76332226318516,2017
"478",4,"Beaver",166140,45.2,166140,149367,121242,19078,30929,89.9042975803539,11.4830865535091,2017
"479",5,"Berks",417854,39.8,417854,339051,282963,44019,29885,81.1410205478468,10.5345407726144,2017
"480",6,"Blair",123457,43.3,123457,117516,88809,13188,25319,95.1877981807431,10.6822618401549,2017
"481",7,"Bucks",628341,44,628341,552398,448774,108643,40535,87.913728373606,17.2904521589392,2017
"482",8,"Butler",187108,43.3,187108,179865,132893,31664,34421,96.1289736408919,16.9228466981636,2017
"483",9,"Cambria",133054,45.5,133054,124342,95164,13073,25630,93.4522825319043,9.82533407488689,2017
"484",10,"Carbon",63853,45.9,0,0,47267,4693,26284,0,7.34969382801121,2017
"485",11,"Centre",162660,32.1,162660,141962,98303,23959,25710,87.2752981679577,14.7294971105373,2017
"486",12,"Chester",519293,40,519293,443075,353899,109477,41732,85.3227368749434,21.0819325506025,2017
"487",13,"Clearfield",79685,45,79685,75051,59076,7075,23699,94.1846018698626,8.87870992031123,2017
"488",14,"Columbia",65932,40.4,0,0,43858,5704,28412,0,8.65133774191591,2017
"489",15,"Crawford",86159,43.7,86159,82305,60553,8853,26118,95.5268747316009,10.27518889495,2017
"490",16,"Cumberland",250066,40.2,250066,219512,175140,37260,35861,87.7816256508282,14.900066382475,2017
"491",17,"Dauphin",275710,39.7,275710,194341,191345,33258,32171,70.4874687171303,12.0626745493453,2017
"492",18,"Delaware",564696,38.9,564696,385543,383800,86594,36343,68.2744343859351,15.3346225225608,2017
"493",19,"Erie",274541,39.4,274541,236901,187649,32628,25724,86.2898437756109,11.8845636899407,2017
"494",20,"Fayette",131504,45.6,131504,121719,96474,12661,23765,92.5591616985035,9.62784401995377,2017
"495",21,"Franklin",154234,41.9,154234,143122,108529,14342,31842,92.7953628901539,9.29885758004072,2017
"496",22,"Indiana",84953,40.9,84953,80324,55222,7998,22109,94.5511047284969,9.41461749437924,2017
"497",23,"Lackawanna",210761,42.6,210761,193469,148344,27390,26490,91.7954460265419,12.9957629732256,2017
"498",24,"Lancaster",542903,38.8,542903,483054,364909,63410,31433,88.9761154386695,11.6798028377077,2017
"499",25,"Lawrence",87069,45.7,87069,81047,62545,9646,26408,93.0836463035064,11.0785698698733,2017
"500",26,"Lebanon",139754,41.2,139754,120690,95764,13840,30865,86.358887759921,9.90311547433347,2017
"501",27,"Lehigh",366494,39.5,366494,290937,248992,44298,30166,79.3838371160237,12.0869645887791,2017
"502",28,"Luzerne",317343,43.2,317343,280817,227239,34880,27197,88.4900565003797,10.9912618208059,2017
"503",29,"Lycoming",113841,40.6,113841,104782,80315,13030,26364,92.0424100280215,11.4457884242057,2017
"504",30,"Mercer",111750,45,111750,101560,79064,12976,25907,90.8814317673378,11.6116331096197,2017
"505",31,"Monroe",168046,42.7,168046,128453,116911,17336,31432,76.4391892696047,10.3162229389572,2017
"506",32,"Montgomery",826075,41.2,826075,653389,580456,162775,42480,79.0956026995128,19.7046273038162,2017
"507",33,"Northampton",303405,42.6,303405,260162,212826,40172,31847,85.7474332987261,13.2403882599166,2017
"508",34,"Northumberland",92029,44.6,92029,86841,67075,7873,25595,94.3626465570635,8.55491203859653,2017
"509",35,"Philadelphia",1580863,34.4,1580863,665060,1075853,176732,25984,42.0694266359577,11.1794633690585,2017
"510",36,"Schuylkill",142569,44.6,142569,133712,104560,12468,27332,93.7875695277374,8.74523914736023,2017
"511",37,"Somerset",74501,46.1,74501,70900,55223,5493,24943,95.1665078321096,7.37305539522959,2017
"512",38,"Washington",207298,44.5,207298,193401,148873,30381,30615,93.2961244199172,14.6557130314812,2017
"513",39,"Westmoreland",352627,47.2,352627,334051,261007,51308,31156,94.7321107005419,14.550218786423,2017
"514",40,"York",446078,41.2,446078,397989,310781,50969,32055,89.219598366205,11.426028631764,2017
"515",1,"Adams",102811,43.8,102811,96606,72399,9519,31810,93.9646535876511,9.25873690558403,2018
"516",2,"Allegheny",1218452,40.5,1218452,971262,883285,217881,33723,79.7127831051203,17.8817877109644,2018
"517",3,"Armstrong",65263,46.6,0,0,48205,6845,26838,0,10.4883318266093,2018
"518",4,"Beaver",164742,45.6,164742,148316,121468,19050,29980,90.0292578698814,11.5635357103835,2018
"519",5,"Berks",420152,40.2,420152,349164,285902,46063,31174,83.1042099049868,10.9634132409223,2018
"520",6,"Blair",122492,44,0,0,88373,10764,27009,0,8.7875126538876,2018
"521",7,"Bucks",628195,44,628195,546729,449655,111114,40974,87.0317337769323,17.6878198648509,2018
"522",8,"Butler",187888,43.7,187888,179306,134132,32203,32853,95.4323852507877,17.1394660648897,2018
"523",9,"Cambria",131730,45.9,131730,123050,94597,13530,25417,93.4107644424201,10.2710088818037,2018
"524",10,"Carbon",64227,46.9,0,0,47648,4782,29165,0,7.44546685973189,2018
"525",11,"Centre",162805,31.6,162805,142490,97947,23042,26560,87.5218820060809,14.153127975185,2018
"526",12,"Chester",522046,40.6,522046,441393,356729,113385,44436,84.5505951582811,21.7193504020718,2018
"527",13,"Clearfield",79388,45.2,79388,74891,59073,5413,26472,94.3354159318789,6.81841084294856,2018
"528",14,"Columbia",65456,41,65456,61574,43494,7463,28706,94.0692984600342,11.4015521877292,2018
"529",15,"Crawford",85063,43.2,85063,81136,59468,7889,26925,95.3834216992112,9.27430257573798,2018
"530",16,"Cumberland",251423,40.7,251423,218641,174824,41533,35550,86.961415622278,16.5191728680351,2018
"531",17,"Dauphin",277097,40,277097,192416,192199,37522,33119,69.4399434133174,13.5411065439178,2018
"532",18,"Delaware",564751,39,564751,387267,385378,85305,36237,68.5730525488224,15.1048869324711,2018
"533",19,"Erie",272061,40,272061,234857,187350,31866,25590,86.3251256152113,11.7128144055929,2018
"534",20,"Fayette",130441,45.1,130441,120140,96617,11280,27332,92.1029430930459,8.64758779831495,2018
"535",21,"Franklin",154835,40.7,154835,143190,108906,13695,30651,92.47909064488,8.84489940904834,2018
"536",22,"Indiana",84501,40.6,84501,80084,55678,7030,22512,94.7728429249358,8.31942817244766,2018
"537",23,"Lackawanna",210793,42.1,210793,190838,149659,27313,27997,90.5333668575332,12.9572613891353,2018
"538",24,"Lancaster",543557,38.7,543557,476288,366770,65673,32478,87.6242969918518,12.0820815480253,2018
"539",25,"Lawrence",86184,45.5,86184,80253,62518,9904,25213,93.1182121971596,11.4916921934466,2018
"540",26,"Lebanon",141314,41.3,141314,121786,97746,13537,30569,86.1811285506036,9.57937642413349,2018
"541",27,"Lehigh",368100,38.5,368100,289058,251148,45932,31061,78.5270306981798,12.4781309426786,2018
"542",28,"Luzerne",317646,43.2,317646,277736,227418,33892,27444,87.4356988597369,10.6697392695013,2018
"543",29,"Lycoming",113664,41.7,113664,104565,79981,13710,27275,91.9948268581081,12.0618665540541,2018
"544",30,"Mercer",110683,44.8,110683,100638,78655,10418,25822,90.9245322226539,9.41246623239341,2018
"545",31,"Monroe",169507,42.5,169507,128299,118492,15381,27999,75.6894995486912,9.07396154731073,2018
"546",32,"Montgomery",828604,41.2,828604,650976,583988,160580,42155,78.5629806276581,19.3795830094955,2018
"547",33,"Northampton",304807,42.4,304807,258795,212696,40154,32115,84.9045461554361,13.1735819715426,2018
"548",34,"Northumberland",91083,44.6,91083,85247,67050,7145,27344,93.5926572466871,7.84449348396517,2018
"549",35,"Philadelphia",1584138,34.5,1584138,623482,1083271,191678,26262,39.3578084737567,12.0998296865551,2018
"550",36,"Schuylkill",142067,44.6,142067,132576,104443,12247,27539,93.319349321095,8.62058043036032,2018
"551",37,"Somerset",73952,46.8,73952,70202,55804,5736,25728,94.9291432280398,7.75638251839031,2018
"552",38,"Washington",207346,44.3,207346,194060,149271,28151,31976,93.592352878763,13.5768232808928,2018
"553",39,"Westmoreland",350611,47.4,350611,331653,261101,48031,31375,94.5928678792166,13.6992279192609,2018
"554",40,"York",448273,40.9,448273,393886,311944,52368,32653,87.8674379228729,11.6821668938348,2018
"555",1,"Adams",103009,44.3,103009,95929,72723,8696,30717,93.1268141618693,8.44198079779437,2019
"556",2,"Allegheny",1216045,40.5,1216045,965716,884569,219464,37278,79.4144953517345,18.0473584447944,2019
"557",3,"Armstrong",64735,47.3,0,0,48151,5305,30427,0,8.19494863674983,2019
"558",4,"Beaver",163929,45.3,163929,147858,121056,21231,32449,90.196365499698,12.9513386893106,2019
"559",5,"Berks",421164,39.9,421164,338473,287425,46869,32628,80.3660806716623,11.128444026555,2019
"560",6,"Blair",121829,43.1,0,0,88001,13087,29996,0,10.742105738371,2019
"561",7,"Bucks",628270,44,628270,544515,453452,112760,43303,86.6689480637306,17.9476976459166,2019
"562",8,"Butler",187853,43.8,187853,180218,134990,32941,37181,95.9356518128537,17.5355197947331,2019
"563",9,"Cambria",130192,46.3,130192,121803,93957,12408,26776,93.5564397197985,9.53053951087624,2019
"564",10,"Carbon",64182,47.6,64182,60043,48384,5726,29255,93.5511514131688,8.92150447165872,2019
"565",11,"Centre",162385,33.4,162385,142448,100886,21785,26855,87.722388151615,13.4156479970441,2019
"566",12,"Chester",524989,40.4,524989,431961,359177,114996,46870,82.2800096763932,21.9044589505685,2019
"567",13,"Clearfield",79255,45.7,79255,74153,59496,6167,25728,93.5625512585957,7.78121254179547,2019
"568",14,"Columbia",64964,41.5,64964,61974,44205,6975,30054,95.3974508958808,10.7367157194754,2019
"569",15,"Crawford",84629,43.9,84629,80721,59674,8054,27158,95.382197591842,9.51683229153127,2019
"570",16,"Cumberland",253370,41.3,253370,220155,177952,42061,38476,86.8907131862494,16.6006235939535,2019
"571",17,"Dauphin",278299,39.6,278299,192332,193469,38007,33636,69.1098422919234,13.6568942037161,2019
"572",18,"Delaware",566747,39,566747,383843,386376,91180,36907,67.7273986452509,16.0883074811159,2019
"573",19,"Erie",269728,40.2,269728,231216,186755,34869,28179,85.7219124451299,12.9274676711354,2019
"574",20,"Fayette",129274,45.4,129274,118980,95435,11195,26734,92.0370685520677,8.65990067608336,2019
"575",21,"Franklin",155027,41.8,155027,140780,109489,14550,33518,90.8099879375851,9.38546188728415,2019
"576",22,"Indiana",84073,40,84073,79268,56900,7954,25898,94.284728747636,9.46082571098926,2019
"577",23,"Lackawanna",209674,42,209674,188220,149972,27364,28794,89.7679254461688,13.0507359043086,2019
"578",24,"Lancaster",545724,38.5,545724,475780,369623,68160,33951,87.1832648005219,12.4898300239682,2019
"579",25,"Lawrence",85512,45.2,0,0,61638,8999,28167,0,10.5236691926279,2019
"580",26,"Lebanon",141793,41.4,141793,121918,98178,13483,32044,85.983088022681,9.50893203472668,2019
"581",27,"Lehigh",369318,39,369318,298131,252649,47347,31131,80.7247412798726,12.820117080673,2019
"582",28,"Luzerne",317417,42.5,317417,266628,227307,28992,30345,83.9992817019882,9.13372629695322,2019
"583",29,"Lycoming",113299,42.1,113299,104295,80491,12418,29512,92.0528866097671,10.9603791736909,2019
"584",30,"Mercer",109424,45.5,109424,99721,78317,11396,29088,91.1326582833748,10.4145342886387,2019
"585",31,"Monroe",170271,43.1,170271,132835,119245,20295,30635,78.0138720040406,11.9192346318516,2019
"586",32,"Montgomery",830915,41.1,830915,654804,586787,167194,45657,78.8051726109169,20.1216730953226,2019
"587",33,"Northampton",305285,41.9,305285,254300,215118,41470,34745,83.29921221154,13.584028039373,2019
"588",34,"Northumberland",90843,44.1,90843,86161,66938,7640,27456,94.8460530805896,8.41011415298922,2019
"589",35,"Philadelphia",1584064,34.7,1584064,617726,1088441,195772,27270,38.9962779281645,12.3588440871076,2019
"590",36,"Schuylkill",141359,44.7,141359,133171,104188,11939,30798,94.2076556851704,8.4458718581767,2019
"591",37,"Somerset",73447,46.4,73447,69857,54894,6310,27102,95.1121216659632,8.5912290495187,2019
"592",38,"Washington",206865,44.3,206865,192989,148862,30201,32467,93.2922437338361,14.5993764049017,2019
"593",39,"Westmoreland",348899,47,348899,329199,259586,49531,32229,94.3536668204839,14.1963720159702,2019
"594",40,"York",449058,41,449058,391737,314523,54403,35477,87.2352791844261,12.114916113286,2019
