County,Year,coal.prod.by.year,year.peak.prod,sum.coal.prod
Allegheny,1983,12696,1998.7422022608594,3432854
Allegheny,1984,34641,1998.7422022608594,3432854
Allegheny,1985,39470,1998.7422022608594,3432854
Allegheny,1986,150037,1998.7422022608594,3432854
Allegheny,1987,143338,1998.7422022608594,3432854
Allegheny,1988,164842,1998.7422022608594,3432854
Allegheny,1989,155777,1998.7422022608594,3432854
Allegheny,1990,221152,1998.7422022608594,3432854
Allegheny,1991,250029,1998.7422022608594,3432854
Allegheny,1992,169463,1998.7422022608594,3432854
Allegheny,1993,182999,1998.7422022608594,3432854
Allegheny,1994,222589,1998.7422022608594,3432854
Allegheny,1995,144025,1998.7422022608594,3432854
Allegheny,1996,19192,1998.7422022608594,3432854
Allegheny,1997,42886,1998.7422022608594,3432854
Allegheny,1998,27519,1998.7422022608594,3432854
Allegheny,1999,52897,1998.7422022608594,3432854
Allegheny,2000,13399,1998.7422022608594,3432854
Allegheny,2001,10547,1998.7422022608594,3432854
Allegheny,2002,19236,1998.7422022608594,3432854
Allegheny,2003,9604,1998.7422022608594,3432854
Allegheny,2004,33052,1998.7422022608594,3432854
Allegheny,2005,48036,1998.7422022608594,3432854
Allegheny,2006,99369,1998.7422022608594,3432854
Allegheny,2007,107511,1998.7422022608594,3432854
Allegheny,2008,128281,1998.7422022608594,3432854
Allegheny,2009,119974,1998.7422022608594,3432854
Allegheny,2010,171674,1998.7422022608594,3432854
Allegheny,2011,162974,1998.7422022608594,3432854
Allegheny,2012,120017,1998.7422022608594,3432854
Allegheny,2013,89703,1998.7422022608594,3432854
Allegheny,2014,70689,1998.7422022608594,3432854
Allegheny,2015,74316,1998.7422022608594,3432854
Allegheny,2016,37811,1998.7422022608594,3432854
Allegheny,2017,58782,1998.7422022608594,3432854
Allegheny,2018,24327,1998.7422022608594,3432854
Armstrong,1983,55550,2001.3255563187,31591514
Armstrong,1984,154781,2001.3255563187,31591514
Armstrong,1985,233686,2001.3255563187,31591514
Armstrong,1986,426587,2001.3255563187,31591514
Armstrong,1987,605011,2001.3255563187,31591514
Armstrong,1988,785318,2001.3255563187,31591514
Armstrong,1989,993787,2001.3255563187,31591514
Armstrong,1990,1122160,2001.3255563187,31591514
Armstrong,1991,1077948,2001.3255563187,31591514
Armstrong,1992,1116194,2001.3255563187,31591514
Armstrong,1993,1092534,2001.3255563187,31591514
Armstrong,1994,969461,2001.3255563187,31591514
Armstrong,1995,1191069,2001.3255563187,31591514
Armstrong,1996,1042440,2001.3255563187,31591514
Armstrong,1997,957544,2001.3255563187,31591514
Armstrong,1998,907046,2001.3255563187,31591514
Armstrong,1999,1180844,2001.3255563187,31591514
Armstrong,2000,1082221,2001.3255563187,31591514
Armstrong,2001,1224259,2001.3255563187,31591514
Armstrong,2002,1047893,2001.3255563187,31591514
Armstrong,2003,972940,2001.3255563187,31591514
Armstrong,2004,1059296,2001.3255563187,31591514
Armstrong,2005,1232487,2001.3255563187,31591514
Armstrong,2006,1329826,2001.3255563187,31591514
Armstrong,2007,1113385,2001.3255563187,31591514
Armstrong,2008,1039495,2001.3255563187,31591514
Armstrong,2009,863628,2001.3255563187,31591514
Armstrong,2010,976451,2001.3255563187,31591514
Armstrong,2011,844159,2001.3255563187,31591514
Armstrong,2012,852621,2001.3255563187,31591514
Armstrong,2013,771279,2001.3255563187,31591514
Armstrong,2014,716496,2001.3255563187,31591514
Armstrong,2015,585845,2001.3255563187,31591514
Armstrong,2016,444718,2001.3255563187,31591514
Armstrong,2017,369648,2001.3255563187,31591514
Armstrong,2018,372000,2001.3255563187,31591514
Armstrong,2019,297342,2001.3255563187,31591514
Armstrong,2020,221409,2001.3255563187,31591514
Armstrong,2021,262156,2001.3255563187,31591514
Beaver,1983,1645,2001.6218375180015,1584594
Beaver,1984,5995,2001.6218375180015,1584594
Beaver,1985,6511,2001.6218375180015,1584594
Beaver,1986,32629,2001.6218375180015,1584594
Beaver,1987,53877,2001.6218375180015,1584594
Beaver,1988,69384,2001.6218375180015,1584594
Beaver,1989,43612,2001.6218375180015,1584594
Beaver,1990,73460,2001.6218375180015,1584594
Beaver,1991,25702,2001.6218375180015,1584594
Beaver,1992,28290,2001.6218375180015,1584594
Beaver,1993,62255,2001.6218375180015,1584594
Beaver,1994,38915,2001.6218375180015,1584594
Beaver,1995,70620,2001.6218375180015,1584594
Beaver,1996,73011,2001.6218375180015,1584594
Beaver,1998,38880,2001.6218375180015,1584594
Beaver,1999,40729,2001.6218375180015,1584594
Beaver,2000,42143,2001.6218375180015,1584594
Beaver,2001,43324,2001.6218375180015,1584594
Beaver,2002,44457,2001.6218375180015,1584594
Beaver,2003,45425,2001.6218375180015,1584594
Beaver,2004,46886,2001.6218375180015,1584594
Beaver,2005,47983,2001.6218375180015,1584594
Beaver,2006,48971,2001.6218375180015,1584594
Beaver,2007,50175,2001.6218375180015,1584594
Beaver,2008,51420,2001.6218375180015,1584594
Beaver,2009,52311,2001.6218375180015,1584594
Beaver,2010,106485,2001.6218375180015,1584594
Beaver,2011,54290,2001.6218375180015,1584594
Beaver,2012,55394,2001.6218375180015,1584594
Beaver,2013,56229,2001.6218375180015,1584594
Beaver,2014,57120,2001.6218375180015,1584594
Beaver,2015,57866,2001.6218375180015,1584594
Beaver,2016,58600,2001.6218375180015,1584594
Bedford,1983,2293,2006.3631669210017,1481641
Bedford,1984,12706,2006.3631669210017,1481641
Bedford,1985,14721,2006.3631669210017,1481641
Bedford,1986,32931,2006.3631669210017,1481641
Bedford,1987,32297,2006.3631669210017,1481641
Bedford,1988,37117,2006.3631669210017,1481641
Bedford,1989,20881,2006.3631669210017,1481641
Bedford,1990,23382,2006.3631669210017,1481641
Bedford,1991,25827,2006.3631669210017,1481641
Bedford,1992,25167,2006.3631669210017,1481641
Bedford,1993,32075,2006.3631669210017,1481641
Bedford,1994,32273,2006.3631669210017,1481641
Bedford,1995,34544,2006.3631669210017,1481641
Bedford,1998,38907,2006.3631669210017,1481641
Bedford,1999,40678,2006.3631669210017,1481641
Bedford,2000,41946,2006.3631669210017,1481641
Bedford,2001,42945,2006.3631669210017,1481641
Bedford,2002,3605,2006.3631669210017,1481641
Bedford,2005,10547,2006.3631669210017,1481641
Bedford,2006,48597,2006.3631669210017,1481641
Bedford,2007,50626,2006.3631669210017,1481641
Bedford,2008,48623,2006.3631669210017,1481641
Bedford,2009,74464,2006.3631669210017,1481641
Bedford,2010,53539,2006.3631669210017,1481641
Bedford,2011,69205,2006.3631669210017,1481641
Bedford,2012,111188,2006.3631669210017,1481641
Bedford,2013,112802,2006.3631669210017,1481641
Bedford,2014,56926,2006.3631669210017,1481641
Bedford,2015,57606,2006.3631669210017,1481641
Bedford,2016,58225,2006.3631669210017,1481641
Bedford,2017,59219,2006.3631669210017,1481641
Bedford,2018,59288,2006.3631669210017,1481641
Bedford,2019,77737,2006.3631669210017,1481641
Bedford,2020,38754,2006.3631669210017,1481641
Blair,1983,1473,2001.195235145918,595779
Blair,1984,4034,2001.195235145918,595779
Blair,1985,14306,2001.195235145918,595779
Blair,1986,23326,2001.195235145918,595779
Blair,1987,14454,2001.195235145918,595779
Blair,1988,17287,2001.195235145918,595779
Blair,1989,20220,2001.195235145918,595779
Blair,1990,23034,2001.195235145918,595779
Blair,1991,25918,2001.195235145918,595779
Blair,1992,28286,2001.195235145918,595779
Blair,1993,30650,2001.195235145918,595779
Blair,1994,33741,2001.195235145918,595779
Blair,1995,35469,2001.195235145918,595779
Blair,1996,36977,2001.195235145918,595779
Blair,2004,37880,2001.195235145918,595779
Blair,2011,54494,2001.195235145918,595779
Blair,2012,55524,2001.195235145918,595779
Blair,2013,24064,2001.195235145918,595779
Blair,2014,56964,2001.195235145918,595779
Blair,2015,57678,2001.195235145918,595779
Butler,1983,31341,1997.4272969121223,6959278
Butler,1984,81971,1997.4272969121223,6959278
Butler,1985,158732,1997.4272969121223,6959278
Butler,1986,224468,1997.4272969121223,6959278
Butler,1987,234813,1997.4272969121223,6959278
Butler,1988,361075,1997.4272969121223,6959278
Butler,1989,419572,1997.4272969121223,6959278
Butler,1990,544084,1997.4272969121223,6959278
Butler,1991,360089,1997.4272969121223,6959278
Butler,1992,472185,1997.4272969121223,6959278
Butler,1993,353224,1997.4272969121223,6959278
Butler,1994,289202,1997.4272969121223,6959278
Butler,1995,221160,1997.4272969121223,6959278
Butler,1996,93667,1997.4272969121223,6959278
Butler,1997,225710,1997.4272969121223,6959278
Butler,1998,111767,1997.4272969121223,6959278
Butler,1999,184847,1997.4272969121223,6959278
Butler,2000,188439,1997.4272969121223,6959278
Butler,2001,155439,1997.4272969121223,6959278
Butler,2002,94782,1997.4272969121223,6959278
Butler,2003,63969,1997.4272969121223,6959278
Butler,2004,125589,1997.4272969121223,6959278
Butler,2005,164572,1997.4272969121223,6959278
Butler,2006,180860,1997.4272969121223,6959278
Butler,2007,163251,1997.4272969121223,6959278
Butler,2008,272221,1997.4272969121223,6959278
Butler,2009,229354,1997.4272969121223,6959278
Butler,2010,253725,1997.4272969121223,6959278
Butler,2011,162910,1997.4272969121223,6959278
Butler,2012,110828,1997.4272969121223,6959278
Butler,2013,113053,1997.4272969121223,6959278
Butler,2014,57386,1997.4272969121223,6959278
Butler,2015,5032,1997.4272969121223,6959278
Butler,2016,71429,1997.4272969121223,6959278
Butler,2017,58981,1997.4272969121223,6959278
Butler,2018,59426,1997.4272969121223,6959278
Butler,2019,60125,1997.4272969121223,6959278
Cambria,1983,33881,2003.9843033781376,17956284
Cambria,1984,109642,2003.9843033781376,17956284
Cambria,1985,155611,2003.9843033781376,17956284
Cambria,1986,255916,2003.9843033781376,17956284
Cambria,1987,287264,2003.9843033781376,17956284
Cambria,1988,388588,2003.9843033781376,17956284
Cambria,1989,361071,2003.9843033781376,17956284
Cambria,1990,397641,2003.9843033781376,17956284
Cambria,1991,354742,2003.9843033781376,17956284
Cambria,1992,455922,2003.9843033781376,17956284
Cambria,1993,545667,2003.9843033781376,17956284
Cambria,1994,610075,2003.9843033781376,17956284
Cambria,1995,448994,2003.9843033781376,17956284
Cambria,1996,439563,2003.9843033781376,17956284
Cambria,1997,613040,2003.9843033781376,17956284
Cambria,1998,593998,2003.9843033781376,17956284
Cambria,1999,550679,2003.9843033781376,17956284
Cambria,2000,439160,2003.9843033781376,17956284
Cambria,2001,439708,2003.9843033781376,17956284
Cambria,2002,408793,2003.9843033781376,17956284
Cambria,2003,421355,2003.9843033781376,17956284
Cambria,2004,589398,2003.9843033781376,17956284
Cambria,2005,544529,2003.9843033781376,17956284
Cambria,2006,581361,2003.9843033781376,17956284
Cambria,2007,669220,2003.9843033781376,17956284
Cambria,2008,538253,2003.9843033781376,17956284
Cambria,2009,552742,2003.9843033781376,17956284
Cambria,2010,617264,2003.9843033781376,17956284
Cambria,2011,659054,2003.9843033781376,17956284
Cambria,2012,592253,2003.9843033781376,17956284
Cambria,2013,599618,2003.9843033781376,17956284
Cambria,2014,538121,2003.9843033781376,17956284
Cambria,2015,409744,2003.9843033781376,17956284
Cambria,2016,468164,2003.9843033781376,17956284
Cambria,2017,491621,2003.9843033781376,17956284
Cambria,2018,372994,2003.9843033781376,17956284
Cambria,2019,463544,2003.9843033781376,17956284
Cambria,2020,490155,2003.9843033781376,17956284
Cambria,2021,466939,2003.9843033781376,17956284
Carbon,1983,4111,2014.7089244332685,917851
Carbon,1984,10783,2014.7089244332685,917851
Carbon,1985,8028,2014.7089244332685,917851
Carbon,2004,40282,2014.7089244332685,917851
Carbon,2005,40282,2014.7089244332685,917851
Carbon,2010,40282,2014.7089244332685,917851
Carbon,2011,40282,2014.7089244332685,917851
Carbon,2012,40282,2014.7089244332685,917851
Carbon,2013,50919,2014.7089244332685,917851
Carbon,2014,61823,2014.7089244332685,917851
Carbon,2015,98150,2014.7089244332685,917851
Carbon,2016,40282,2014.7089244332685,917851
Carbon,2017,40282,2014.7089244332685,917851
Carbon,2018,99771,2014.7089244332685,917851
Carbon,2019,100366,2014.7089244332685,917851
Carbon,2020,100711,2014.7089244332685,917851
Carbon,2021,101215,2014.7089244332685,917851
Centre,1983,18846,1994.8696511248033,2543689
Centre,1984,56125,1994.8696511248033,2543689
Centre,1985,78061,1994.8696511248033,2543689
Centre,1986,127856,1994.8696511248033,2543689
Centre,1987,157909,1994.8696511248033,2543689
Centre,1988,165961,1994.8696511248033,2543689
Centre,1989,191881,1994.8696511248033,2543689
Centre,1990,197395,1994.8696511248033,2543689
Centre,1991,178435,1994.8696511248033,2543689
Centre,1992,143865,1994.8696511248033,2543689
Centre,1993,170863,1994.8696511248033,2543689
Centre,1994,108762,1994.8696511248033,2543689
Centre,1995,105369,1994.8696511248033,2543689
Centre,1996,108066,1994.8696511248033,2543689
Centre,1997,75898,1994.8696511248033,2543689
Centre,1998,39283,1994.8696511248033,2543689
Centre,1999,18709,1994.8696511248033,2543689
Centre,2002,44386,1994.8696511248033,2543689
Centre,2003,45590,1994.8696511248033,2543689
Centre,2004,10973,1994.8696511248033,2543689
Centre,2005,47798,1994.8696511248033,2543689
Centre,2006,48840,1994.8696511248033,2543689
Centre,2007,45396,1994.8696511248033,2543689
Centre,2008,28111,1994.8696511248033,2543689
Centre,2009,52408,1994.8696511248033,2543689
Centre,2010,53982,1994.8696511248033,2543689
Centre,2011,54071,1994.8696511248033,2543689
Centre,2012,55192,1994.8696511248033,2543689
Centre,2013,56128,1994.8696511248033,2543689
Centre,2014,57530,1994.8696511248033,2543689
Clarion,1983,25893,2000.522891714231,7930839
Clarion,1984,77244,2000.522891714231,7930839
Clarion,1985,107294,2000.522891714231,7930839
Clarion,1986,165104,2000.522891714231,7930839
Clarion,1987,206088,2000.522891714231,7930839
Clarion,1988,316308,2000.522891714231,7930839
Clarion,1989,348520,2000.522891714231,7930839
Clarion,1990,336972,2000.522891714231,7930839
Clarion,1991,309905,2000.522891714231,7930839
Clarion,1992,252299,2000.522891714231,7930839
Clarion,1993,294105,2000.522891714231,7930839
Clarion,1994,254248,2000.522891714231,7930839
Clarion,1995,139738,2000.522891714231,7930839
Clarion,1996,134906,2000.522891714231,7930839
Clarion,1997,330737,2000.522891714231,7930839
Clarion,1998,257808,2000.522891714231,7930839
Clarion,1999,353808,2000.522891714231,7930839
Clarion,2000,327155,2000.522891714231,7930839
Clarion,2001,263866,2000.522891714231,7930839
Clarion,2002,258548,2000.522891714231,7930839
Clarion,2003,182807,2000.522891714231,7930839
Clarion,2004,140895,2000.522891714231,7930839
Clarion,2005,136618,2000.522891714231,7930839
Clarion,2006,187063,2000.522891714231,7930839
Clarion,2007,190728,2000.522891714231,7930839
Clarion,2008,216457,2000.522891714231,7930839
Clarion,2009,382525,2000.522891714231,7930839
Clarion,2010,311095,2000.522891714231,7930839
Clarion,2011,200228,2000.522891714231,7930839
Clarion,2012,246189,2000.522891714231,7930839
Clarion,2013,168497,2000.522891714231,7930839
Clarion,2014,150803,2000.522891714231,7930839
Clarion,2015,89482,2000.522891714231,7930839
Clarion,2016,37191,2000.522891714231,7930839
Clarion,2017,59124,2000.522891714231,7930839
Clarion,2018,119189,2000.522891714231,7930839
Clarion,2019,81442,2000.522891714231,7930839
Clarion,2020,167781,2000.522891714231,7930839
Clarion,2021,102179,2000.522891714231,7930839
Clearfield,1983,88014,2003.5391240273398,59160819
Clearfield,1984,301873,2003.5391240273398,59160819
Clearfield,1985,406723,2003.5391240273398,59160819
Clearfield,1986,875176,2003.5391240273398,59160819
Clearfield,1987,1009333,2003.5391240273398,59160819
Clearfield,1988,1268525,2003.5391240273398,59160819
Clearfield,1989,1436121,2003.5391240273398,59160819
Clearfield,1990,1623880,2003.5391240273398,59160819
Clearfield,1991,1676247,2003.5391240273398,59160819
Clearfield,1992,1632098,2003.5391240273398,59160819
Clearfield,1993,1649603,2003.5391240273398,59160819
Clearfield,1994,1913816,2003.5391240273398,59160819
Clearfield,1995,1618745,2003.5391240273398,59160819
Clearfield,1996,1514415,2003.5391240273398,59160819
Clearfield,1997,1447718,2003.5391240273398,59160819
Clearfield,1998,1497793,2003.5391240273398,59160819
Clearfield,1999,1780718,2003.5391240273398,59160819
Clearfield,2000,1495442,2003.5391240273398,59160819
Clearfield,2001,1512514,2003.5391240273398,59160819
Clearfield,2002,1534643,2003.5391240273398,59160819
Clearfield,2003,1438336,2003.5391240273398,59160819
Clearfield,2004,1880328,2003.5391240273398,59160819
Clearfield,2005,2087625,2003.5391240273398,59160819
Clearfield,2006,2092030,2003.5391240273398,59160819
Clearfield,2007,1830922,2003.5391240273398,59160819
Clearfield,2008,2274426,2003.5391240273398,59160819
Clearfield,2009,1950149,2003.5391240273398,59160819
Clearfield,2010,2271535,2003.5391240273398,59160819
Clearfield,2011,2116570,2003.5391240273398,59160819
Clearfield,2012,2323234,2003.5391240273398,59160819
Clearfield,2013,1979594,2003.5391240273398,59160819
Clearfield,2014,2073568,2003.5391240273398,59160819
Clearfield,2015,1562801,2003.5391240273398,59160819
Clearfield,2016,1347857,2003.5391240273398,59160819
Clearfield,2017,1047340,2003.5391240273398,59160819
Clearfield,2018,1148044,2003.5391240273398,59160819
Clearfield,2019,1338752,2003.5391240273398,59160819
Clearfield,2020,1046130,2003.5391240273398,59160819
Clearfield,2021,1068181,2003.5391240273398,59160819
Clinton,1983,4166,1989.4313192166542,615820
Clinton,1984,14804,1989.4313192166542,615820
Clinton,1985,27284,1989.4313192166542,615820
Clinton,1986,57118,1989.4313192166542,615820
Clinton,1987,74281,1989.4313192166542,615820
Clinton,1988,84065,1989.4313192166542,615820
Clinton,1989,62580,1989.4313192166542,615820
Clinton,1990,59524,1989.4313192166542,615820
Clinton,1991,76046,1989.4313192166542,615820
Clinton,1992,58544,1989.4313192166542,615820
Clinton,1993,30592,1989.4313192166542,615820
Clinton,1994,32764,1989.4313192166542,615820
Clinton,1995,34052,1989.4313192166542,615820
Columbia,1983,1356,2001.3901448049469,5428751
Columbia,1984,7633,2001.3901448049469,5428751
Columbia,1985,23116,2001.3901448049469,5428751
Columbia,1986,98417,2001.3901448049469,5428751
Columbia,1987,124385,2001.3901448049469,5428751
Columbia,1988,195991,2001.3901448049469,5428751
Columbia,1989,235746,2001.3901448049469,5428751
Columbia,1990,180955,2001.3901448049469,5428751
Columbia,1991,178381,2001.3901448049469,5428751
Columbia,1992,244688,2001.3901448049469,5428751
Columbia,1993,139700,2001.3901448049469,5428751
Columbia,1994,215649,2001.3901448049469,5428751
Columbia,1995,138108,2001.3901448049469,5428751
Columbia,1996,157799,2001.3901448049469,5428751
Columbia,1997,229003,2001.3901448049469,5428751
Columbia,1998,218747,2001.3901448049469,5428751
Columbia,1999,204709,2001.3901448049469,5428751
Columbia,2000,164966,2001.3901448049469,5428751
Columbia,2001,192319,2001.3901448049469,5428751
Columbia,2002,160292,2001.3901448049469,5428751
Columbia,2003,158940,2001.3901448049469,5428751
Columbia,2004,112119,2001.3901448049469,5428751
Columbia,2005,158221,2001.3901448049469,5428751
Columbia,2006,176929,2001.3901448049469,5428751
Columbia,2007,88594,2001.3901448049469,5428751
Columbia,2008,152980,2001.3901448049469,5428751
Columbia,2009,210101,2001.3901448049469,5428751
Columbia,2010,109386,2001.3901448049469,5428751
Columbia,2011,156404,2001.3901448049469,5428751
Columbia,2012,93589,2001.3901448049469,5428751
Columbia,2013,64418,2001.3901448049469,5428751
Columbia,2014,125900,2001.3901448049469,5428751
Columbia,2015,116207,2001.3901448049469,5428751
Columbia,2016,98924,2001.3901448049469,5428751
Columbia,2017,99307,2001.3901448049469,5428751
Columbia,2018,99889,2001.3901448049469,5428751
Columbia,2019,100422,2001.3901448049469,5428751
Columbia,2020,93164,2001.3901448049469,5428751
Columbia,2021,101297,2001.3901448049469,5428751
Dauphin,1983,3196,2006.4885988894732,2611193
Dauphin,1984,15853,2006.4885988894732,2611193
Dauphin,1985,8530,2006.4885988894732,2611193
Dauphin,1986,71106,2006.4885988894732,2611193
Dauphin,1987,52416,2006.4885988894732,2611193
Dauphin,1988,86736,2006.4885988894732,2611193
Dauphin,1989,43707,2006.4885988894732,2611193
Dauphin,1990,46971,2006.4885988894732,2611193
Dauphin,1991,36614,2006.4885988894732,2611193
Dauphin,1992,53605,2006.4885988894732,2611193
Dauphin,1993,30272,2006.4885988894732,2611193
Dauphin,1994,25581,2006.4885988894732,2611193
Dauphin,1995,34162,2006.4885988894732,2611193
Dauphin,1996,36239,2006.4885988894732,2611193
Dauphin,1997,32642,2006.4885988894732,2611193
Dauphin,1998,38852,2006.4885988894732,2611193
Dauphin,1999,122070,2006.4885988894732,2611193
Dauphin,2000,56338,2006.4885988894732,2611193
Dauphin,2001,40282,2006.4885988894732,2611193
Dauphin,2002,58517,2006.4885988894732,2611193
Dauphin,2003,49741,2006.4885988894732,2611193
Dauphin,2004,49834,2006.4885988894732,2611193
Dauphin,2005,40282,2006.4885988894732,2611193
Dauphin,2006,138411,2006.4885988894732,2611193
Dauphin,2007,54889,2006.4885988894732,2611193
Dauphin,2008,153090,2006.4885988894732,2611193
Dauphin,2009,58286,2006.4885988894732,2611193
Dauphin,2010,60844,2006.4885988894732,2611193
Dauphin,2011,58613,2006.4885988894732,2611193
Dauphin,2012,88421,2006.4885988894732,2611193
Dauphin,2013,89422,2006.4885988894732,2611193
Dauphin,2014,97789,2006.4885988894732,2611193
Dauphin,2015,47324,2006.4885988894732,2611193
Dauphin,2016,138854,2006.4885988894732,2611193
Dauphin,2017,116556,2006.4885988894732,2611193
Dauphin,2018,87325,2006.4885988894732,2611193
Dauphin,2019,110481,2006.4885988894732,2611193
Dauphin,2020,140835,2006.4885988894732,2611193
Dauphin,2021,136507,2006.4885988894732,2611193
Elk,1983,23773,2000.6692751054131,6945534
Elk,1984,50132,2000.6692751054131,6945534
Elk,1985,65363,2000.6692751054131,6945534
Elk,1986,138632,2000.6692751054131,6945534
Elk,1987,128534,2000.6692751054131,6945534
Elk,1988,180794,2000.6692751054131,6945534
Elk,1989,183831,2000.6692751054131,6945534
Elk,1990,326701,2000.6692751054131,6945534
Elk,1991,295726,2000.6692751054131,6945534
Elk,1992,294501,2000.6692751054131,6945534
Elk,1993,248004,2000.6692751054131,6945534
Elk,1994,264159,2000.6692751054131,6945534
Elk,1995,174155,2000.6692751054131,6945534
Elk,1996,185080,2000.6692751054131,6945534
Elk,1997,150662,2000.6692751054131,6945534
Elk,1998,156437,2000.6692751054131,6945534
Elk,1999,164058,2000.6692751054131,6945534
Elk,2000,167431,2000.6692751054131,6945534
Elk,2001,202479,2000.6692751054131,6945534
Elk,2002,133134,2000.6692751054131,6945534
Elk,2003,282189,2000.6692751054131,6945534
Elk,2004,279946,2000.6692751054131,6945534
Elk,2005,382592,2000.6692751054131,6945534
Elk,2006,356426,2000.6692751054131,6945534
Elk,2007,311136,2000.6692751054131,6945534
Elk,2008,291084,2000.6692751054131,6945534
Elk,2009,248923,2000.6692751054131,6945534
Elk,2010,276174,2000.6692751054131,6945534
Elk,2011,171456,2000.6692751054131,6945534
Elk,2012,243764,2000.6692751054131,6945534
Elk,2013,258959,2000.6692751054131,6945534
Elk,2014,148450,2000.6692751054131,6945534
Elk,2015,94466,2000.6692751054131,6945534
Elk,2016,48442,2000.6692751054131,6945534
Elk,2019,17941,2000.6692751054131,6945534
Fayette,1983,13347,1999.9959336955835,15980112
Fayette,1984,65276,1999.9959336955835,15980112
Fayette,1985,54188,1999.9959336955835,15980112
Fayette,1986,250969,1999.9959336955835,15980112
Fayette,1987,275093,1999.9959336955835,15980112
Fayette,1988,621830,1999.9959336955835,15980112
Fayette,1989,596205,1999.9959336955835,15980112
Fayette,1990,616312,1999.9959336955835,15980112
Fayette,1991,671853,1999.9959336955835,15980112
Fayette,1992,754554,1999.9959336955835,15980112
Fayette,1993,848734,1999.9959336955835,15980112
Fayette,1994,775169,1999.9959336955835,15980112
Fayette,1995,720414,1999.9959336955835,15980112
Fayette,1996,657278,1999.9959336955835,15980112
Fayette,1997,572494,1999.9959336955835,15980112
Fayette,1998,518297,1999.9959336955835,15980112
Fayette,1999,366362,1999.9959336955835,15980112
Fayette,2000,327205,1999.9959336955835,15980112
Fayette,2001,344544,1999.9959336955835,15980112
Fayette,2002,399702,1999.9959336955835,15980112
Fayette,2003,435675,1999.9959336955835,15980112
Fayette,2004,629766,1999.9959336955835,15980112
Fayette,2005,579409,1999.9959336955835,15980112
Fayette,2006,533671,1999.9959336955835,15980112
Fayette,2007,570851,1999.9959336955835,15980112
Fayette,2008,544465,1999.9959336955835,15980112
Fayette,2009,484946,1999.9959336955835,15980112
Fayette,2010,486378,1999.9959336955835,15980112
Fayette,2011,471181,1999.9959336955835,15980112
Fayette,2012,359412,1999.9959336955835,15980112
Fayette,2013,293305,1999.9959336955835,15980112
Fayette,2014,178442,1999.9959336955835,15980112
Fayette,2015,241105,1999.9959336955835,15980112
Fayette,2016,136258,1999.9959336955835,15980112
Fayette,2017,156617,1999.9959336955835,15980112
Fayette,2018,102996,1999.9959336955835,15980112
Fayette,2019,106143,1999.9959336955835,15980112
Fayette,2020,79844,1999.9959336955835,15980112
Fayette,2021,139822,1999.9959336955835,15980112
Fulton,2021,60828,2021,60828
Greene,1983,39303,2001.6010923491913,16473853
Greene,1984,121999,2001.6010923491913,16473853
Greene,1985,184239,2001.6010923491913,16473853
Greene,1986,369263,2001.6010923491913,16473853
Greene,1987,375919,2001.6010923491913,16473853
Greene,1988,465460,2001.6010923491913,16473853
Greene,1989,528797,2001.6010923491913,16473853
Greene,1990,724389,2001.6010923491913,16473853
Greene,1991,547952,2001.6010923491913,16473853
Greene,1992,505972,2001.6010923491913,16473853
Greene,1993,541597,2001.6010923491913,16473853
Greene,1994,473339,2001.6010923491913,16473853
Greene,1995,416605,2001.6010923491913,16473853
Greene,1996,373698,2001.6010923491913,16473853
Greene,1997,488908,2001.6010923491913,16473853
Greene,1998,494739,2001.6010923491913,16473853
Greene,1999,632282,2001.6010923491913,16473853
Greene,2000,635802,2001.6010923491913,16473853
Greene,2001,647924,2001.6010923491913,16473853
Greene,2002,547847,2001.6010923491913,16473853
Greene,2003,567404,2001.6010923491913,16473853
Greene,2004,510984,2001.6010923491913,16473853
Greene,2005,567146,2001.6010923491913,16473853
Greene,2006,431935,2001.6010923491913,16473853
Greene,2007,442383,2001.6010923491913,16473853
Greene,2008,400658,2001.6010923491913,16473853
Greene,2009,355324,2001.6010923491913,16473853
Greene,2010,214281,2001.6010923491913,16473853
Greene,2011,352762,2001.6010923491913,16473853
Greene,2012,412751,2001.6010923491913,16473853
Greene,2013,361714,2001.6010923491913,16473853
Greene,2014,382674,2001.6010923491913,16473853
Greene,2015,444574,2001.6010923491913,16473853
Greene,2016,424130,2001.6010923491913,16473853
Greene,2017,425912,2001.6010923491913,16473853
Greene,2018,337709,2001.6010923491913,16473853
Greene,2019,240147,2001.6010923491913,16473853
Greene,2020,242045,2001.6010923491913,16473853
Greene,2021,243286,2001.6010923491913,16473853
Huntingdon,1983,2932,2007.72987198922,142488
Huntingdon,1985,7962,2007.72987198922,142488
Huntingdon,1986,12190,2007.72987198922,142488
Huntingdon,2008,33610,2007.72987198922,142488
Huntingdon,2013,28648,2007.72987198922,142488
Huntingdon,2014,57146,2007.72987198922,142488
Indiana,1983,65689,2004.0967716924763,40137626
Indiana,1984,210324,2004.0967716924763,40137626
Indiana,1985,365458,2004.0967716924763,40137626
Indiana,1986,550733,2004.0967716924763,40137626
Indiana,1987,773687,2004.0967716924763,40137626
Indiana,1988,830578,2004.0967716924763,40137626
Indiana,1989,831782,2004.0967716924763,40137626
Indiana,1990,869337,2004.0967716924763,40137626
Indiana,1991,771315,2004.0967716924763,40137626
Indiana,1992,872920,2004.0967716924763,40137626
Indiana,1993,819018,2004.0967716924763,40137626
Indiana,1994,907126,2004.0967716924763,40137626
Indiana,1995,974091,2004.0967716924763,40137626
Indiana,1996,921926,2004.0967716924763,40137626
Indiana,1997,935491,2004.0967716924763,40137626
Indiana,1998,1165988,2004.0967716924763,40137626
Indiana,1999,1357742,2004.0967716924763,40137626
Indiana,2000,1253963,2004.0967716924763,40137626
Indiana,2001,1251634,2004.0967716924763,40137626
Indiana,2002,1304862,2004.0967716924763,40137626
Indiana,2003,1149258,2004.0967716924763,40137626
Indiana,2004,1191675,2004.0967716924763,40137626
Indiana,2005,1266543,2004.0967716924763,40137626
Indiana,2006,1405197,2004.0967716924763,40137626
Indiana,2007,1233284,2004.0967716924763,40137626
Indiana,2008,1472996,2004.0967716924763,40137626
Indiana,2009,1557777,2004.0967716924763,40137626
Indiana,2010,1291397,2004.0967716924763,40137626
Indiana,2011,1623608,2004.0967716924763,40137626
Indiana,2012,1659510,2004.0967716924763,40137626
Indiana,2013,1590428,2004.0967716924763,40137626
Indiana,2014,1721678,2004.0967716924763,40137626
Indiana,2015,1298250,2004.0967716924763,40137626
Indiana,2016,1006133,2004.0967716924763,40137626
Indiana,2017,1136218,2004.0967716924763,40137626
Indiana,2018,679900,2004.0967716924763,40137626
Indiana,2019,728242,2004.0967716924763,40137626
Indiana,2020,503137,2004.0967716924763,40137626
Indiana,2021,588731,2004.0967716924763,40137626
Jefferson,1983,45032,2000.2474230046575,22192706
Jefferson,1984,174450,2000.2474230046575,22192706
Jefferson,1985,230625,2000.2474230046575,22192706
Jefferson,1986,551877,2000.2474230046575,22192706
Jefferson,1987,638140,2000.2474230046575,22192706
Jefferson,1988,758787,2000.2474230046575,22192706
Jefferson,1989,741004,2000.2474230046575,22192706
Jefferson,1990,818411,2000.2474230046575,22192706
Jefferson,1991,877377,2000.2474230046575,22192706
Jefferson,1992,800181,2000.2474230046575,22192706
Jefferson,1993,751352,2000.2474230046575,22192706
Jefferson,1994,854731,2000.2474230046575,22192706
Jefferson,1995,907611,2000.2474230046575,22192706
Jefferson,1996,783604,2000.2474230046575,22192706
Jefferson,1997,956401,2000.2474230046575,22192706
Jefferson,1998,957360,2000.2474230046575,22192706
Jefferson,1999,774042,2000.2474230046575,22192706
Jefferson,2000,641084,2000.2474230046575,22192706
Jefferson,2001,661725,2000.2474230046575,22192706
Jefferson,2002,582548,2000.2474230046575,22192706
Jefferson,2003,598978,2000.2474230046575,22192706
Jefferson,2004,709735,2000.2474230046575,22192706
Jefferson,2005,682443,2000.2474230046575,22192706
Jefferson,2006,523717,2000.2474230046575,22192706
Jefferson,2007,517371,2000.2474230046575,22192706
Jefferson,2008,485232,2000.2474230046575,22192706
Jefferson,2009,469502,2000.2474230046575,22192706
Jefferson,2010,616646,2000.2474230046575,22192706
Jefferson,2011,606228,2000.2474230046575,22192706
Jefferson,2012,562338,2000.2474230046575,22192706
Jefferson,2013,399967,2000.2474230046575,22192706
Jefferson,2014,437969,2000.2474230046575,22192706
Jefferson,2015,405696,2000.2474230046575,22192706
Jefferson,2016,391412,2000.2474230046575,22192706
Jefferson,2017,250739,2000.2474230046575,22192706
Jefferson,2018,374315,2000.2474230046575,22192706
Jefferson,2019,292153,2000.2474230046575,22192706
Jefferson,2020,273971,2000.2474230046575,22192706
Jefferson,2021,87952,2000.2474230046575,22192706
Lackawanna,1983,555,2001.8981082266155,1993262
Lackawanna,1984,8016,2001.8981082266155,1993262
Lackawanna,1985,21574,2001.8981082266155,1993262
Lackawanna,1986,45504,2001.8981082266155,1993262
Lackawanna,1987,44932,2001.8981082266155,1993262
Lackawanna,1988,57548,2001.8981082266155,1993262
Lackawanna,1989,22162,2001.8981082266155,1993262
Lackawanna,1990,59120,2001.8981082266155,1993262
Lackawanna,1991,15069,2001.8981082266155,1993262
Lackawanna,1992,58938,2001.8981082266155,1993262
Lackawanna,1993,75597,2001.8981082266155,1993262
Lackawanna,1994,98741,2001.8981082266155,1993262
Lackawanna,1995,59344,2001.8981082266155,1993262
Lackawanna,1996,94926,2001.8981082266155,1993262
Lackawanna,1997,52235,2001.8981082266155,1993262
Lackawanna,1998,50355,2001.8981082266155,1993262
Lackawanna,1999,82259,2001.8981082266155,1993262
Lackawanna,2000,80100,2001.8981082266155,1993262
Lackawanna,2001,28053,2001.8981082266155,1993262
Lackawanna,2002,82318,2001.8981082266155,1993262
Lackawanna,2003,42452,2001.8981082266155,1993262
Lackawanna,2004,140164,2001.8981082266155,1993262
Lackawanna,2005,15235,2001.8981082266155,1993262
Lackawanna,2006,98223,2001.8981082266155,1993262
Lackawanna,2007,49845,2001.8981082266155,1993262
Lackawanna,2008,102598,2001.8981082266155,1993262
Lackawanna,2009,71284,2001.8981082266155,1993262
Lackawanna,2010,53121,2001.8981082266155,1993262
Lackawanna,2011,54168,2001.8981082266155,1993262
Lackawanna,2012,18723,2001.8981082266155,1993262
Lackawanna,2013,87986,2001.8981082266155,1993262
Lackawanna,2014,45717,2001.8981082266155,1993262
Lackawanna,2017,88506,2001.8981082266155,1993262
Lackawanna,2018,23553,2001.8981082266155,1993262
Lackawanna,2019,18235,2001.8981082266155,1993262
Lackawanna,2021,46106,2001.8981082266155,1993262
Lawrence,1983,13296,1994.3551645835096,2696868
Lawrence,1984,41917,1994.3551645835096,2696868
Lawrence,1985,56355,1994.3551645835096,2696868
Lawrence,1986,107196,1994.3551645835096,2696868
Lawrence,1987,131622,1994.3551645835096,2696868
Lawrence,1988,177053,1994.3551645835096,2696868
Lawrence,1989,223350,1994.3551645835096,2696868
Lawrence,1990,206380,1994.3551645835096,2696868
Lawrence,1991,185107,1994.3551645835096,2696868
Lawrence,1992,145074,1994.3551645835096,2696868
Lawrence,1993,186574,1994.3551645835096,2696868
Lawrence,1994,166831,1994.3551645835096,2696868
Lawrence,1995,103301,1994.3551645835096,2696868
Lawrence,1996,72243,1994.3551645835096,2696868
Lawrence,1997,43865,1994.3551645835096,2696868
Lawrence,1998,77979,1994.3551645835096,2696868
Lawrence,1999,81988,1994.3551645835096,2696868
Lawrence,2000,83167,1994.3551645835096,2696868
Lawrence,2001,86689,1994.3551645835096,2696868
Lawrence,2002,88914,1994.3551645835096,2696868
Lawrence,2003,45851,1994.3551645835096,2696868
Lawrence,2004,54325,1994.3551645835096,2696868
Lawrence,2005,71104,1994.3551645835096,2696868
Lawrence,2006,97917,1994.3551645835096,2696868
Lawrence,2007,68206,1994.3551645835096,2696868
Lawrence,2008,80564,1994.3551645835096,2696868
Luzerne,1983,26672,2006.5401436672373,17569907
Luzerne,1984,67302,2006.5401436672373,17569907
Luzerne,1985,66520,2006.5401436672373,17569907
Luzerne,1986,194059,2006.5401436672373,17569907
Luzerne,1987,133340,2006.5401436672373,17569907
Luzerne,1988,170261,2006.5401436672373,17569907
Luzerne,1989,155205,2006.5401436672373,17569907
Luzerne,1990,208754,2006.5401436672373,17569907
Luzerne,1991,216892,2006.5401436672373,17569907
Luzerne,1992,247332,2006.5401436672373,17569907
Luzerne,1993,211756,2006.5401436672373,17569907
Luzerne,1994,145713,2006.5401436672373,17569907
Luzerne,1995,156148,2006.5401436672373,17569907
Luzerne,1996,216374,2006.5401436672373,17569907
Luzerne,1997,229876,2006.5401436672373,17569907
Luzerne,1998,256719,2006.5401436672373,17569907
Luzerne,1999,933821,2006.5401436672373,17569907
Luzerne,2000,821227,2006.5401436672373,17569907
Luzerne,2001,815414,2006.5401436672373,17569907
Luzerne,2002,586319,2006.5401436672373,17569907
Luzerne,2003,631109,2006.5401436672373,17569907
Luzerne,2004,461117,2006.5401436672373,17569907
Luzerne,2005,532517,2006.5401436672373,17569907
Luzerne,2006,642503,2006.5401436672373,17569907
Luzerne,2007,751877,2006.5401436672373,17569907
Luzerne,2008,696686,2006.5401436672373,17569907
Luzerne,2009,815613,2006.5401436672373,17569907
Luzerne,2010,705825,2006.5401436672373,17569907
Luzerne,2011,638612,2006.5401436672373,17569907
Luzerne,2012,697423,2006.5401436672373,17569907
Luzerne,2013,606729,2006.5401436672373,17569907
Luzerne,2014,649905,2006.5401436672373,17569907
Luzerne,2015,700885,2006.5401436672373,17569907
Luzerne,2016,829607,2006.5401436672373,17569907
Luzerne,2017,516061,2006.5401436672373,17569907
Luzerne,2018,639206,2006.5401436672373,17569907
Luzerne,2019,415063,2006.5401436672373,17569907
Luzerne,2020,383171,2006.5401436672373,17569907
Luzerne,2021,396294,2006.5401436672373,17569907
Lycoming,1983,991,2005.740943065584,1731905
Lycoming,1984,4455,2005.740943065584,1731905
Lycoming,1985,7412,2005.740943065584,1731905
Lycoming,1986,10114,2005.740943065584,1731905
Lycoming,1987,14185,2005.740943065584,1731905
Lycoming,1988,17725,2005.740943065584,1731905
Lycoming,1989,20945,2005.740943065584,1731905
Lycoming,1990,23915,2005.740943065584,1731905
Lycoming,1991,26465,2005.740943065584,1731905
Lycoming,1992,28914,2005.740943065584,1731905
Lycoming,1993,31022,2005.740943065584,1731905
Lycoming,1994,32982,2005.740943065584,1731905
Lycoming,1995,34811,2005.740943065584,1731905
Lycoming,1996,36607,2005.740943065584,1731905
Lycoming,1997,38260,2005.740943065584,1731905
Lycoming,1998,39567,2005.740943065584,1731905
Lycoming,1999,54686,2005.740943065584,1731905
Lycoming,2000,82370,2005.740943065584,1731905
Lycoming,2001,83733,2005.740943065584,1731905
Lycoming,2002,84656,2005.740943065584,1731905
Lycoming,2003,85913,2005.740943065584,1731905
Lycoming,2004,86973,2005.740943065584,1731905
Lycoming,2005,47704,2005.740943065584,1731905
Lycoming,2006,48871,2005.740943065584,1731905
Lycoming,2007,50032,2005.740943065584,1731905
Lycoming,2008,51211,2005.740943065584,1731905
Lycoming,2009,52300,2005.740943065584,1731905
Lycoming,2010,53371,2005.740943065584,1731905
Lycoming,2011,54393,2005.740943065584,1731905
Lycoming,2012,55363,2005.740943065584,1731905
Lycoming,2013,47735,2005.740943065584,1731905
Lycoming,2014,56982,2005.740943065584,1731905
Lycoming,2015,9786,2005.740943065584,1731905
Lycoming,2016,58314,2005.740943065584,1731905
Lycoming,2017,58880,2005.740943065584,1731905
Lycoming,2018,59352,2005.740943065584,1731905
Lycoming,2019,59823,2005.740943065584,1731905
Lycoming,2020,60353,2005.740943065584,1731905
Lycoming,2021,60734,2005.740943065584,1731905
Mercer,1983,5095,2000.3518419851064,1522135
Mercer,1984,24818,2000.3518419851064,1522135
Mercer,1985,32697,2000.3518419851064,1522135
Mercer,1986,57140,2000.3518419851064,1522135
Mercer,1987,29148,2000.3518419851064,1522135
Mercer,1988,68652,2000.3518419851064,1522135
Mercer,1989,83772,2000.3518419851064,1522135
Mercer,1990,72057,2000.3518419851064,1522135
Mercer,1991,105478,2000.3518419851064,1522135
Mercer,1992,112507,2000.3518419851064,1522135
Mercer,1993,78562,2000.3518419851064,1522135
Mercer,1994,57550,2000.3518419851064,1522135
Mercer,1995,21625,2000.3518419851064,1522135
Mercer,1996,58502,2000.3518419851064,1522135
Mercer,2003,45713,2000.3518419851064,1522135
Mercer,2004,47232,2000.3518419851064,1522135
Mercer,2005,47421,2000.3518419851064,1522135
Mercer,2006,49614,2000.3518419851064,1522135
Mercer,2007,50612,2000.3518419851064,1522135
Mercer,2010,6206,2000.3518419851064,1522135
Mercer,2011,54786,2000.3518419851064,1522135
Mercer,2012,55946,2000.3518419851064,1522135
Mercer,2013,56467,2000.3518419851064,1522135
Mercer,2014,57353,2000.3518419851064,1522135
Mercer,2015,29397,2000.3518419851064,1522135
Mercer,2016,58543,2000.3518419851064,1522135
Mercer,2017,59215,2000.3518419851064,1522135
Mercer,2018,55818,2000.3518419851064,1522135
Mercer,2019,40209,2000.3518419851064,1522135
Monongalia,1997,38030,2005.1321694753105,618804
Monongalia,1998,39540,2005.1321694753105,618804
Monongalia,2001,43641,2005.1321694753105,618804
Monongalia,2002,44689,2005.1321694753105,618804
Monongalia,2003,45903,2005.1321694753105,618804
Monongalia,2004,46992,2005.1321694753105,618804
Monongalia,2005,48126,2005.1321694753105,618804
Monongalia,2006,49278,2005.1321694753105,618804
Monongalia,2007,50397,2005.1321694753105,618804
Monongalia,2008,51559,2005.1321694753105,618804
Monongalia,2009,52416,2005.1321694753105,618804
Monongalia,2010,53575,2005.1321694753105,618804
Monongalia,2011,54658,2005.1321694753105,618804
Montgomery,1999,40282,2010.2444444444445,1812690
Montgomery,2000,80564,2010.2444444444445,1812690
Montgomery,2001,80564,2010.2444444444445,1812690
Montgomery,2002,80564,2010.2444444444445,1812690
Montgomery,2003,80564,2010.2444444444445,1812690
Montgomery,2004,80564,2010.2444444444445,1812690
Montgomery,2005,80564,2010.2444444444445,1812690
Montgomery,2006,80564,2010.2444444444445,1812690
Montgomery,2007,80564,2010.2444444444445,1812690
Montgomery,2008,80564,2010.2444444444445,1812690
Montgomery,2009,80564,2010.2444444444445,1812690
Montgomery,2010,80564,2010.2444444444445,1812690
Montgomery,2011,80564,2010.2444444444445,1812690
Montgomery,2012,80564,2010.2444444444445,1812690
Montgomery,2013,80564,2010.2444444444445,1812690
Montgomery,2014,80564,2010.2444444444445,1812690
Montgomery,2015,80564,2010.2444444444445,1812690
Montgomery,2016,80564,2010.2444444444445,1812690
Montgomery,2017,80564,2010.2444444444445,1812690
Montgomery,2018,80564,2010.2444444444445,1812690
Montgomery,2019,80564,2010.2444444444445,1812690
Montgomery,2020,80564,2010.2444444444445,1812690
Montgomery,2021,80564,2010.2444444444445,1812690
Northumberland,1983,15274,2004.8081956661204,18758158
Northumberland,1984,40698,2004.8081956661204,18758158
Northumberland,1985,31745,2004.8081956661204,18758158
Northumberland,1986,306069,2004.8081956661204,18758158
Northumberland,1987,404043,2004.8081956661204,18758158
Northumberland,1988,416975,2004.8081956661204,18758158
Northumberland,1989,434759,2004.8081956661204,18758158
Northumberland,1990,387832,2004.8081956661204,18758158
Northumberland,1991,477173,2004.8081956661204,18758158
Northumberland,1992,461316,2004.8081956661204,18758158
Northumberland,1993,391575,2004.8081956661204,18758158
Northumberland,1994,377821,2004.8081956661204,18758158
Northumberland,1995,444921,2004.8081956661204,18758158
Northumberland,1996,331269,2004.8081956661204,18758158
Northumberland,1997,290444,2004.8081956661204,18758158
Northumberland,1998,375712,2004.8081956661204,18758158
Northumberland,1999,617260,2004.8081956661204,18758158
Northumberland,2000,460334,2004.8081956661204,18758158
Northumberland,2001,613100,2004.8081956661204,18758158
Northumberland,2002,735828,2004.8081956661204,18758158
Northumberland,2003,555427,2004.8081956661204,18758158
Northumberland,2004,687485,2004.8081956661204,18758158
Northumberland,2005,742853,2004.8081956661204,18758158
Northumberland,2006,791504,2004.8081956661204,18758158
Northumberland,2007,400058,2004.8081956661204,18758158
Northumberland,2008,515802,2004.8081956661204,18758158
Northumberland,2009,509006,2004.8081956661204,18758158
Northumberland,2010,420644,2004.8081956661204,18758158
Northumberland,2011,514328,2004.8081956661204,18758158
Northumberland,2012,687507,2004.8081956661204,18758158
Northumberland,2013,705653,2004.8081956661204,18758158
Northumberland,2014,672176,2004.8081956661204,18758158
Northumberland,2015,551958,2004.8081956661204,18758158
Northumberland,2016,709707,2004.8081956661204,18758158
Northumberland,2017,466842,2004.8081956661204,18758158
Northumberland,2018,660577,2004.8081956661204,18758158
Northumberland,2019,515079,2004.8081956661204,18758158
Northumberland,2020,639072,2004.8081956661204,18758158
Northumberland,2021,398332,2004.8081956661204,18758158
Schuylkill,1983,43307,2004.2599500226845,80374465
Schuylkill,1984,153441,2004.2599500226845,80374465
Schuylkill,1985,230399,2004.2599500226845,80374465
Schuylkill,1986,924638,2004.2599500226845,80374465
Schuylkill,1987,1382860,2004.2599500226845,80374465
Schuylkill,1988,1714656,2004.2599500226845,80374465
Schuylkill,1989,1884145,2004.2599500226845,80374465
Schuylkill,1990,1855047,2004.2599500226845,80374465
Schuylkill,1991,1818977,2004.2599500226845,80374465
Schuylkill,1992,1993731,2004.2599500226845,80374465
Schuylkill,1993,1841710,2004.2599500226845,80374465
Schuylkill,1994,2160549,2004.2599500226845,80374465
Schuylkill,1995,1917791,2004.2599500226845,80374465
Schuylkill,1996,1961983,2004.2599500226845,80374465
Schuylkill,1997,2142904,2004.2599500226845,80374465
Schuylkill,1998,2024355,2004.2599500226845,80374465
Schuylkill,1999,2931086,2004.2599500226845,80374465
Schuylkill,2000,2751280,2004.2599500226845,80374465
Schuylkill,2001,2501181,2004.2599500226845,80374465
Schuylkill,2002,2123177,2004.2599500226845,80374465
Schuylkill,2003,2284555,2004.2599500226845,80374465
Schuylkill,2004,2639503,2004.2599500226845,80374465
Schuylkill,2005,2771731,2004.2599500226845,80374465
Schuylkill,2006,2803810,2004.2599500226845,80374465
Schuylkill,2007,2932253,2004.2599500226845,80374465
Schuylkill,2008,2750191,2004.2599500226845,80374465
Schuylkill,2009,2727000,2004.2599500226845,80374465
Schuylkill,2010,2789010,2004.2599500226845,80374465
Schuylkill,2011,2773420,2004.2599500226845,80374465
Schuylkill,2012,2562948,2004.2599500226845,80374465
Schuylkill,2013,2497222,2004.2599500226845,80374465
Schuylkill,2014,2392443,2004.2599500226845,80374465
Schuylkill,2015,2202773,2004.2599500226845,80374465
Schuylkill,2016,2000011,2004.2599500226845,80374465
Schuylkill,2017,2134899,2004.2599500226845,80374465
Schuylkill,2018,2118855,2004.2599500226845,80374465
Schuylkill,2019,2103869,2004.2599500226845,80374465
Schuylkill,2020,1824207,2004.2599500226845,80374465
Schuylkill,2021,1708548,2004.2599500226845,80374465
Somerset,1983,69051,2004.016471337054,44044269
Somerset,1984,223155,2004.016471337054,44044269
Somerset,1985,313270,2004.016471337054,44044269
Somerset,1986,641787,2004.016471337054,44044269
Somerset,1987,629825,2004.016471337054,44044269
Somerset,1988,794946,2004.016471337054,44044269
Somerset,1989,979331,2004.016471337054,44044269
Somerset,1990,1171695,2004.016471337054,44044269
Somerset,1991,1312003,2004.016471337054,44044269
Somerset,1992,1288227,2004.016471337054,44044269
Somerset,1993,1205500,2004.016471337054,44044269
Somerset,1994,1088432,2004.016471337054,44044269
Somerset,1995,1269255,2004.016471337054,44044269
Somerset,1996,1156758,2004.016471337054,44044269
Somerset,1997,1406316,2004.016471337054,44044269
Somerset,1998,1250240,2004.016471337054,44044269
Somerset,1999,1360358,2004.016471337054,44044269
Somerset,2000,1216902,2004.016471337054,44044269
Somerset,2001,1273778,2004.016471337054,44044269
Somerset,2002,1136297,2004.016471337054,44044269
Somerset,2003,1167680,2004.016471337054,44044269
Somerset,2004,1236157,2004.016471337054,44044269
Somerset,2005,1206587,2004.016471337054,44044269
Somerset,2006,1137982,2004.016471337054,44044269
Somerset,2007,1193096,2004.016471337054,44044269
Somerset,2008,1350139,2004.016471337054,44044269
Somerset,2009,1413348,2004.016471337054,44044269
Somerset,2010,1470380,2004.016471337054,44044269
Somerset,2011,1479263,2004.016471337054,44044269
Somerset,2012,1429583,2004.016471337054,44044269
Somerset,2013,1607233,2004.016471337054,44044269
Somerset,2014,1649211,2004.016471337054,44044269
Somerset,2015,1273652,2004.016471337054,44044269
Somerset,2016,888066,2004.016471337054,44044269
Somerset,2017,1103148,2004.016471337054,44044269
Somerset,2018,1096932,2004.016471337054,44044269
Somerset,2019,1269471,2004.016471337054,44044269
Somerset,2020,1079392,2004.016471337054,44044269
Somerset,2021,1205823,2004.016471337054,44044269
Sullivan,1983,1498,1994.59100140179,626342
Sullivan,1984,5942,1994.59100140179,626342
Sullivan,1985,15088,1994.59100140179,626342
Sullivan,1986,20397,1994.59100140179,626342
Sullivan,1987,13339,1994.59100140179,626342
Sullivan,1988,33351,1994.59100140179,626342
Sullivan,1989,18308,1994.59100140179,626342
Sullivan,1990,43259,1994.59100140179,626342
Sullivan,1991,51945,1994.59100140179,626342
Sullivan,1992,32550,1994.59100140179,626342
Sullivan,1994,22670,1994.59100140179,626342
Sullivan,1995,34758,1994.59100140179,626342
Sullivan,1996,36655,1994.59100140179,626342
Sullivan,1997,37675,1994.59100140179,626342
Sullivan,1998,79841,1994.59100140179,626342
Sullivan,1999,121726,1994.59100140179,626342
Sullivan,2000,41891,1994.59100140179,626342
Sullivan,2002,15449,1994.59100140179,626342
Tioga,1983,2039,1997.4031144143412,159709
Tioga,1984,10457,1997.4031144143412,159709
Tioga,1985,7686,1997.4031144143412,159709
Tioga,1986,10219,1997.4031144143412,159709
Tioga,1987,14161,1997.4031144143412,159709
Tioga,1988,17371,1997.4031144143412,159709
Tioga,1989,20184,1997.4031144143412,159709
Tioga,2007,12486,1997.4031144143412,159709
Tioga,2008,13202,1997.4031144143412,159709
Tioga,2009,51904,1997.4031144143412,159709
Venango,1983,11501,2002.9273335040975,2885071
Venango,1984,41313,2002.9273335040975,2885071
Venango,1985,52888,2002.9273335040975,2885071
Venango,1986,48150,2002.9273335040975,2885071
Venango,1987,75290,2002.9273335040975,2885071
Venango,1988,72298,2002.9273335040975,2885071
Venango,1989,80846,2002.9273335040975,2885071
Venango,1990,72338,2002.9273335040975,2885071
Venango,1991,96784,2002.9273335040975,2885071
Venango,1992,86771,2002.9273335040975,2885071
Venango,1993,52720,2002.9273335040975,2885071
Venango,1996,4849,2002.9273335040975,2885071
Venango,1997,76623,2002.9273335040975,2885071
Venango,1998,59445,2002.9273335040975,2885071
Venango,1999,154895,2002.9273335040975,2885071
Venango,2000,123257,2002.9273335040975,2885071
Venango,2001,128019,2002.9273335040975,2885071
Venango,2002,129705,2002.9273335040975,2885071
Venango,2003,51401,2002.9273335040975,2885071
Venango,2004,127428,2002.9273335040975,2885071
Venango,2005,118798,2002.9273335040975,2885071
Venango,2006,76492,2002.9273335040975,2885071
Venango,2007,140425,2002.9273335040975,2885071
Venango,2008,91155,2002.9273335040975,2885071
Venango,2009,40282,2002.9273335040975,2885071
Venango,2010,100389,2002.9273335040975,2885071
Venango,2011,160218,2002.9273335040975,2885071
Venango,2012,112139,2002.9273335040975,2885071
Venango,2013,51215,2002.9273335040975,2885071
Venango,2014,70103,2002.9273335040975,2885071
Venango,2015,95360,2002.9273335040975,2885071
Venango,2016,40282,2002.9273335040975,2885071
Venango,2017,40282,2002.9273335040975,2885071
Venango,2018,40282,2002.9273335040975,2885071
Venango,2019,40282,2002.9273335040975,2885071
Venango,2020,40282,2002.9273335040975,2885071
Venango,2021,80564,2002.9273335040975,2885071
Washington,1983,22505,2000.2413944700727,10426900
Washington,1984,67825,2000.2413944700727,10426900
Washington,1985,141873,2000.2413944700727,10426900
Washington,1986,258868,2000.2413944700727,10426900
Washington,1987,267511,2000.2413944700727,10426900
Washington,1988,302714,2000.2413944700727,10426900
Washington,1989,390964,2000.2413944700727,10426900
Washington,1990,447910,2000.2413944700727,10426900
Washington,1991,429071,2000.2413944700727,10426900
Washington,1992,386844,2000.2413944700727,10426900
Washington,1993,404946,2000.2413944700727,10426900
Washington,1994,454063,2000.2413944700727,10426900
Washington,1995,254616,2000.2413944700727,10426900
Washington,1996,375347,2000.2413944700727,10426900
Washington,1997,319392,2000.2413944700727,10426900
Washington,1998,232244,2000.2413944700727,10426900
Washington,1999,372452,2000.2413944700727,10426900
Washington,2000,400995,2000.2413944700727,10426900
Washington,2001,432254,2000.2413944700727,10426900
Washington,2002,367602,2000.2413944700727,10426900
Washington,2003,354523,2000.2413944700727,10426900
Washington,2004,346674,2000.2413944700727,10426900
Washington,2005,360301,2000.2413944700727,10426900
Washington,2006,214210,2000.2413944700727,10426900
Washington,2007,190988,2000.2413944700727,10426900
Washington,2008,204623,2000.2413944700727,10426900
Washington,2009,200963,2000.2413944700727,10426900
Washington,2010,308149,2000.2413944700727,10426900
Washington,2011,257488,2000.2413944700727,10426900
Washington,2012,221915,2000.2413944700727,10426900
Washington,2013,225438,2000.2413944700727,10426900
Washington,2014,325288,2000.2413944700727,10426900
Washington,2015,239178,2000.2413944700727,10426900
Washington,2016,241625,2000.2413944700727,10426900
Washington,2017,89380,2000.2413944700727,10426900
Washington,2018,59729,2000.2413944700727,10426900
Washington,2019,74577,2000.2413944700727,10426900
Washington,2020,120871,2000.2413944700727,10426900
Washington,2021,60984,2000.2413944700727,10426900
Westmoreland,1983,17091,2000.4448343883098,12280685
Westmoreland,1984,57213,2000.4448343883098,12280685
Westmoreland,1985,132167,2000.4448343883098,12280685
Westmoreland,1986,390427,2000.4448343883098,12280685
Westmoreland,1987,370078,2000.4448343883098,12280685
Westmoreland,1988,352978,2000.4448343883098,12280685
Westmoreland,1989,411867,2000.4448343883098,12280685
Westmoreland,1990,406258,2000.4448343883098,12280685
Westmoreland,1991,413760,2000.4448343883098,12280685
Westmoreland,1992,539315,2000.4448343883098,12280685
Westmoreland,1993,591144,2000.4448343883098,12280685
Westmoreland,1994,604765,2000.4448343883098,12280685
Westmoreland,1995,535077,2000.4448343883098,12280685
Westmoreland,1996,455307,2000.4448343883098,12280685
Westmoreland,1997,395648,2000.4448343883098,12280685
Westmoreland,1998,337269,2000.4448343883098,12280685
Westmoreland,1999,461552,2000.4448343883098,12280685
Westmoreland,2000,275232,2000.4448343883098,12280685
Westmoreland,2001,361646,2000.4448343883098,12280685
Westmoreland,2002,337372,2000.4448343883098,12280685
Westmoreland,2003,369880,2000.4448343883098,12280685
Westmoreland,2004,271980,2000.4448343883098,12280685
Westmoreland,2005,328568,2000.4448343883098,12280685
Westmoreland,2006,224480,2000.4448343883098,12280685
Westmoreland,2007,219604,2000.4448343883098,12280685
Westmoreland,2008,184701,2000.4448343883098,12280685
Westmoreland,2009,256774,2000.4448343883098,12280685
Westmoreland,2010,344588,2000.4448343883098,12280685
Westmoreland,2011,351480,2000.4448343883098,12280685
Westmoreland,2012,319109,2000.4448343883098,12280685
Westmoreland,2013,353209,2000.4448343883098,12280685
Westmoreland,2014,337475,2000.4448343883098,12280685
Westmoreland,2015,275758,2000.4448343883098,12280685
Westmoreland,2016,218401,2000.4448343883098,12280685
Westmoreland,2017,177428,2000.4448343883098,12280685
Westmoreland,2018,178265,2000.4448343883098,12280685
Westmoreland,2019,89555,2000.4448343883098,12280685
Westmoreland,2020,181447,2000.4448343883098,12280685
Westmoreland,2021,151817,2000.4448343883098,12280685
Berks,1999,80564,2008.0666666666666,1208460
Berks,2000,80564,2008.0666666666666,1208460
Berks,2001,80564,2008.0666666666666,1208460
Berks,2002,80564,2008.0666666666666,1208460
Berks,2003,80564,2008.0666666666666,1208460
Berks,2004,80564,2008.0666666666666,1208460
Berks,2005,80564,2008.0666666666666,1208460
Berks,2006,80564,2008.0666666666666,1208460
Berks,2008,80564,2008.0666666666666,1208460
Berks,2012,80564,2008.0666666666666,1208460
Berks,2013,80564,2008.0666666666666,1208460
Berks,2014,80564,2008.0666666666666,1208460
Berks,2017,80564,2008.0666666666666,1208460
Berks,2018,80564,2008.0666666666666,1208460
Berks,2019,80564,2008.0666666666666,1208460
Cameron,2005,48015,2008.9661631035406,455686
Cameron,2006,36389,2008.9661631035406,455686
Cameron,2007,50086,2008.9661631035406,455686
Cameron,2008,51319,2008.9661631035406,455686
Cameron,2009,52026,2008.9661631035406,455686
Cameron,2010,53553,2008.9661631035406,455686
Cameron,2011,109148,2008.9661631035406,455686
Cameron,2012,55150,2008.9661631035406,455686
